,clusters
cg00008647,5
cg00295572,0
cg00346208,0
cg00448707,6
cg00563824,0
cg00664416,0
cg00764612,5
cg00908766,2
cg00951395,6
cg01101873,1
cg01103597,3
cg01554529,7
cg01821018,4
cg02572729,0
cg02623400,5
cg02656891,0
cg02710296,6
cg02924487,6
cg02927682,7
cg02987928,5
cg03054277,6
cg03126058,1
cg03216846,0
cg03748376,2
cg03769939,3
cg04340595,2
cg04347414,2
cg04360793,5
cg05053440,6
cg05162523,3
cg05436231,5
cg06419732,4
cg06619077,1
cg06645033,0
cg07105947,6
cg07135032,5
cg07376381,2
cg07499142,2
cg07797073,6
cg08185241,5
cg08231710,0
cg08638320,5
cg09315878,3
cg09793172,5
cg09810089,6
cg10052561,5
cg10167378,6
cg10230190,1
cg10501210,1
cg10510935,6
cg10702770,5
cg10961604,0
cg10962762,6
cg10963061,4
cg11066601,2
cg11156891,1
cg11215976,0
cg11258381,3
cg11343894,4
cg11379081,5
cg11518509,5
cg11574975,5
cg12133962,3
cg12526693,1
cg12623852,6
cg12634306,6
cg13060114,0
cg13067553,6
cg13092405,6
cg13170051,6
cg13300273,5
cg13443627,6
cg13449535,3
cg13460643,0
cg13566436,3
cg13781744,5
cg13785196,3
cg13897675,2
cg13985485,0
cg14515812,6
cg14531564,3
cg14789818,5
cg15084543,5
cg15728256,0
cg15743907,3
cg15979173,0
cg16101008,6
cg16290275,1
cg16355231,1
cg16419354,0
cg16532282,2
cg16554164,3
cg17163168,6
cg17210938,6
cg17449954,5
cg17463745,2
cg17471939,6
cg17496659,5
cg17804348,0
cg17928286,5
cg17966560,5
cg17974166,2
cg18235937,0
cg18279094,0
cg18564989,0
cg18792022,6
cg18794839,0
cg19022697,6
cg19081101,7
cg19098932,1
cg19645639,3
cg19730691,5
cg19757631,3
cg19922137,0
cg20016673,2
cg20329210,6
cg20462561,6
cg20674490,3
cg20677901,5
cg21161394,5
cg21270860,0
cg21460394,6
cg21609526,2
cg21778193,6
cg21834207,0
cg22344745,4
cg22350048,1
cg22507154,6
cg22617819,1
cg22694818,5
cg22816091,7
cg23014549,3
cg23115387,6
cg23173688,2
cg23610373,6
cg23629166,1
cg23847109,0
cg24073777,3
cg24346905,2
cg24427376,5
cg24442740,5
cg24466241,0
cg24845595,4
cg24998527,6
cg25137787,2
cg25607920,4
cg25773262,5
cg26008365,5
cg26038582,4
cg26055950,6
cg26247646,1
cg26345105,5
cg26347746,4
cg26422458,0
cg26553501,1
cg26558485,0
cg26574680,5
cg27179622,6
cg27549720,0
cg00573770,1
cg01243072,1
cg01615704,0
cg01620164,1
cg01898698,0
cg02347074,0
cg02592271,6
cg02629106,0
cg03451670,0
cg03581262,4
cg03738707,2
cg03782202,0
cg03877767,2
cg03964958,0
cg04319873,6
cg04575202,5
cg04667538,4
cg04790977,4
cg04864807,6
cg05313794,4
cg05852568,2
cg05890377,2
cg05903289,2
cg05979020,0
cg06202737,1
cg06282964,2
cg06536868,6
cg06588802,3
cg06627617,2
cg06638795,5
cg07203423,0
cg07205203,7
cg07594247,6
cg07673080,2
cg07894334,3
cg07974504,6
cg08123444,3
cg08184652,0
cg08186790,3
cg08566455,0
cg08806184,3
cg09015973,4
cg09982942,6
cg11358945,5
cg11546137,0
cg11765362,6
cg12157614,2
cg12573791,4
cg13283952,6
cg14410016,5
cg14417784,6
cg14453187,5
cg14473102,0
cg14481208,4
cg14535980,0
cg14659346,6
cg15121420,1
cg15165122,6
cg15506703,4
cg15806569,2
cg15833099,2
cg16306978,6
cg17158414,2
cg17980283,0
cg18077307,1
cg18192325,4
cg19051213,3
cg19052272,4
cg19075787,7
cg19761848,0
cg20065463,0
cg20139706,0
cg20225999,4
cg20314884,4
cg20698421,1
cg20927661,0
cg20945085,0
cg21032567,6
cg21248554,6
cg21918313,6
cg22242842,3
cg22712983,7
cg22878388,2
cg22880770,6
cg22920501,2
cg23546474,0
cg23606718,0
cg23649088,4
cg23668184,5
cg24079702,0
cg24127874,5
cg24436906,0
cg24516106,4
cg24611351,1
cg24633978,0
cg25242471,6
cg25298319,4
cg25487775,4
cg25731401,6
cg25810938,6
cg26075039,2
cg26123256,6
cg26337070,1
cg26641076,5
cg26874229,2
cg27088072,5
cg27291468,3
cg00664406,0
cg00817731,2
cg01079515,6
cg01788113,6
cg01797371,4
cg01896761,0
cg02605996,4
cg02773588,6
cg02834909,2
cg03484180,1
cg03540175,6
cg03646916,0
cg03921696,4
cg04222358,6
cg04453050,0
cg04738965,0
cg05134945,5
cg05768427,5
cg05937737,5
cg06062984,0
cg06598836,0
cg06636831,6
cg07553761,0
cg08048268,6
cg08450017,2
cg10263370,5
cg10603275,5
cg11236526,0
cg11883836,5
cg11885357,2
cg12468774,6
cg12595013,0
cg13331200,6
cg13790603,5
cg14051544,0
cg14325153,6
cg14654533,5
cg15618978,0
cg16768018,0
cg17280346,0
cg17611045,4
cg17640485,1
cg18337222,5
cg18349298,7
cg18603228,0
cg19402939,4
cg19445322,2
cg19962116,0
cg20916523,2
cg21123160,5
cg21487550,2
cg21585138,3
cg21664636,3
cg23189410,0
cg23189692,7
cg24159436,4
cg24524379,4
cg24675998,0
cg27353899,2
cg27363829,0
cg27642784,5
cg00335712,0
cg00688962,0
cg02650266,0
cg02662828,0
cg03544320,5
cg03792162,6
cg05491001,0
cg06424065,5
cg06594404,5
cg07094298,3
cg08812889,0
cg08979352,4
cg09098195,1
cg09390241,3
cg09978860,2
cg10197305,6
cg10366786,4
cg10453719,0
cg10966580,0
cg11294620,2
cg12069267,0
cg12363722,5
cg12811871,3
cg13023646,2
cg14029686,2
cg15078412,4
cg16026922,0
cg16786756,6
cg16919569,5
cg17397159,1
cg17932096,6
cg18912209,2
cg19908812,0
cg20058148,1
cg20456258,6
cg20729813,4
cg20814179,4
cg21300373,0
cg21512644,0
cg21717958,6
cg21722242,5
cg21811021,6
cg22153181,0
cg22718636,6
cg23939001,4
cg25107254,0
cg25456368,4
cg25932599,2
cg26133769,0
cg26479374,4
cg26741686,2
cg26832294,0
cg26986681,6
cg27207756,2
cg27339282,2
cg00127167,0
cg00582971,5
cg00611789,6
cg01256539,1
cg01925738,2
cg02010196,0
cg02343823,5
cg02707176,2
cg04005843,2
cg04124626,2
cg04454086,0
cg04518342,5
cg05016408,0
cg05494467,5
cg05521474,4
cg05903444,5
cg06536614,2
cg06782035,0
cg06905511,4
cg06933824,0
cg06976144,2
cg07408835,0
cg07496545,6
cg07564962,5
cg08616061,6
cg08957484,0
cg09054633,0
cg09452568,7
cg09500443,0
cg09655403,6
cg09660878,6
cg10530883,0
cg10616795,1
cg11168104,4
cg11322797,5
cg11482794,5
cg11624524,6
cg11625005,5
cg11861905,6
cg12395823,4
cg12408990,6
cg13954457,0
cg14502484,0
cg15025103,6
cg15168727,0
cg15335436,5
cg15595755,4
cg15671317,2
cg15672768,0
cg15929797,0
cg16006841,2
cg16049690,0
cg16272981,3
cg16293892,6
cg16512661,0
cg16624210,4
cg17370163,0
cg17500228,7
cg17774559,0
cg17840719,5
cg18045100,3
cg18273840,0
cg18424208,6
cg18631996,5
cg18765565,2
cg18781988,2
cg19078576,5
cg19731612,4
cg19967668,2
cg19978312,4
cg20563910,0
cg20750832,0
cg21081817,2
cg21573200,0
cg21915313,2
cg22827250,6
cg22879098,4
cg23506143,7
cg24082121,2
cg24172509,2
cg24996161,6
cg25026992,4
cg26076054,2
cg26078977,0
cg26328633,2
cg26422488,0
cg26446499,0
cg26516362,4
cg26844246,0
cg26886462,0
cg00084338,6
cg00807871,6
cg01047555,0
cg01152056,4
cg01286685,6
cg01758512,0
cg02106850,0
cg02524205,6
cg02772121,4
cg03438552,3
cg03517284,4
cg03678062,5
cg03771840,0
cg03960072,6
cg07028914,0
cg07187855,6
cg07188523,7
cg07223240,4
cg07257824,2
cg07382347,2
cg07417146,7
cg07518714,6
cg07883457,0
cg08375234,2
cg08453194,3
cg08476511,6
cg08839808,4
cg08956463,0
cg08979319,5
cg09001226,5
cg09048334,2
cg09187505,6
cg09279736,6
cg09572125,5
cg09637172,3
cg09749225,2
cg10135483,0
cg10176110,5
cg10182317,0
cg10563109,6
cg10647833,7
cg10721149,0
cg10890302,6
cg10904109,5
cg10923662,6
cg11068217,1
cg11540476,4
cg11563680,0
cg11671688,5
cg12633154,2
cg13246235,5
cg13299325,3
cg13912224,5
cg15253304,3
cg15562220,0
cg16530177,6
cg16867657,0
cg17478979,5
cg17536595,5
cg17553149,2
cg17674042,2
cg18217622,6
cg18833306,2
cg18912728,5
cg20053110,6
cg20980653,3
cg21010202,4
cg22237300,6
cg22570970,5
cg22620090,0
cg23618440,6
cg23746497,0
cg24246628,6
cg24366557,5
cg24442454,0
cg24869601,0
cg25351606,0
cg25657713,0
cg26121931,2
cg26466587,0
cg26715042,2
cg27226147,4
cg27239981,4
cg27535677,4
cg00048759,0
cg00094518,0
cg00106345,6
cg00552235,0
cg00553149,6
cg00840332,6
cg00867835,2
cg01003961,0
cg01285926,6
cg01381374,2
cg01996567,2
cg02497785,2
cg02820566,6
cg02914422,0
cg03188948,2
cg03190219,0
cg03357999,6
cg03817667,0
cg04021544,6
cg04633141,4
cg04652097,0
cg04996195,4
cg05223392,1
cg05425699,6
cg05732750,0
cg06155229,1
cg06335867,0
cg06352730,0
cg06589239,2
cg06783429,6
cg06975979,6
cg07045469,2
cg07075347,2
cg07138768,4
cg07143083,0
cg07750378,4
cg08575537,5
cg08580268,4
cg08641579,5
cg08832624,6
cg09124496,1
cg09506675,4
cg09658497,4
cg09937438,5
cg10092878,0
cg10259889,6
cg10477621,0
cg10552126,0
cg10720000,4
cg10742917,2
cg11024728,2
cg12348202,0
cg12479444,2
cg12575883,6
cg12597389,0
cg13207630,6
cg13381984,6
cg13578160,2
cg14398883,2
cg15134787,4
cg15782153,6
cg16172923,4
cg16234978,0
cg16627090,6
cg16649298,6
cg17429236,5
cg17827650,6
cg18402987,2
cg18961681,0
cg19183166,6
cg19230755,0
cg19346786,2
cg19594666,6
cg19629631,1
cg20164601,6
cg20603222,4
cg20697025,5
cg20848291,2
cg21126583,0
cg21733531,6
cg21887193,5
cg22114489,4
cg22620221,5
cg22747501,4
cg23316599,4
cg23752752,0
cg24497732,6
cg24707573,6
cg24729221,4
cg24830730,4
cg25712005,1
cg25820728,3
cg26224354,4
cg26814075,6
cg26996890,2
cg27100990,0
cg27393010,0
cg27454412,5
cg27549208,1
cg01471372,4
cg01518225,4
cg01906015,0
cg02048922,3
cg02110858,1
cg03454775,4
cg03635442,2
cg03660096,3
cg04122358,2
cg04169483,6
cg04773818,0
cg04880091,2
cg05056638,4
cg05453358,2
cg06010588,0
cg06383163,0
cg06401414,3
cg06808751,0
cg06822816,0
cg08174789,2
cg08756121,5
cg09232555,4
cg09442654,0
cg10806146,5
cg11062466,4
cg11204212,0
cg11424828,2
cg11460727,5
cg11469098,0
cg11471802,2
cg11701471,0
cg11826726,2
cg12097222,5
cg12166610,0
cg12258042,5
cg12296772,0
cg12877723,0
cg13257436,2
cg13282195,4
cg13434842,5
cg13735469,4
cg14015441,0
cg14354820,3
cg14486338,0
cg15316716,3
cg15427886,0
cg15628518,5
cg15858239,0
cg16316162,6
cg16419235,0
cg16783744,0
cg17052170,4
cg17173767,0
cg17465752,0
cg17470251,4
cg17486097,0
cg18343437,0
cg19893585,6
cg20607798,2
cg20661138,0
cg21163717,3
cg21183256,0
cg21244135,3
cg21709871,0
cg22382021,6
cg23291534,5
cg23495279,0
cg23958373,2
cg24142603,3
cg24634471,2
cg24809973,0
cg24911891,2
cg25017584,3
cg26872137,0
cg26925231,0
cg27005749,0
cg27317647,5
cg05863502,0
cg11510586,6
cg13397898,5
cg13449257,3
cg13544075,1
cg13558371,6
cg13571460,2
cg13679303,6
cg13874425,6
cg13888226,6
cg13985784,0
cg14018024,1
cg14185918,6
cg14217861,1
cg14255824,1
cg14294859,4
cg14326196,0
cg14349763,3
cg14389669,4
cg14406134,3
cg14425564,0
cg14620572,0
cg21160290,4
cg21167269,6
cg21251970,2
cg23928763,4
cg00158122,5
cg00159523,4
cg00824018,0
cg01150683,0
cg01476568,5
cg02477603,6
cg02721176,6
cg03015672,3
cg03171770,0
cg03354992,0
cg03463778,4
cg03599078,0
cg04189187,3
cg04270401,4
cg04492858,2
cg04707519,5
cg04813697,3
cg05098512,3
cg05184377,5
cg05237641,0
cg05265884,6
cg05791173,6
cg05898188,4
cg05971678,7
cg06159404,6
cg06324373,2
cg06474225,7
cg06648277,0
cg07044859,4
cg07055616,0
cg07091481,1
cg07151406,4
cg08461752,4
cg09577804,2
cg09614415,5
cg09634707,4
cg10056132,0
cg10298052,5
cg10804656,0
cg11376341,4
cg11430259,6
cg11445109,2
cg11705975,0
cg11727383,0
cg12060422,5
cg12610471,0
cg12765123,2
cg13327545,0
cg13714026,1
cg13750264,4
cg13933080,0
cg14156751,5
cg15638709,0
cg15795305,6
cg16208053,2
cg16501237,5
cg16532016,4
cg16664405,0
cg16692735,6
cg16697438,5
cg16750801,1
cg17301379,4
cg17477052,2
cg17841267,3
cg18247055,0
cg18358869,5
cg18675610,3
cg18699744,2
cg18737081,2
cg18932726,0
cg19317226,2
cg19904058,0
cg20087519,2
cg20638675,6
cg22633280,5
cg23304023,3
cg23615741,1
cg24205914,0
cg24621437,0
cg25604594,6
cg25888561,6
cg26115633,0
cg27177554,0
cg27312979,1
cg27367170,5
cg27469738,6
cg00270878,4
cg00496961,6
cg01178624,4
cg01530101,5
cg01568784,5
cg01677628,6
cg01794156,4
cg02046143,1
cg02423574,3
cg02423817,3
cg02646491,0
cg02973171,0
cg03146219,7
cg03155200,7
cg03274739,4
cg03528538,1
cg03730428,0
cg04940570,0
cg04942251,4
cg05353869,6
cg05475524,6
cg05733135,0
cg05898618,1
cg06064525,2
cg06299284,2
cg06679296,4
cg06719900,0
cg06766960,2
cg07675031,5
cg07688490,0
cg08214808,6
cg08227583,3
cg08356637,4
cg08804111,2
cg08829299,4
cg09251429,5
cg09527615,7
cg09767822,5
cg10261205,2
cg11284797,0
cg11537406,4
cg11909574,4
cg12064373,2
cg12500951,4
cg12832726,5
cg13228701,4
cg13570972,0
cg13771313,6
cg14130459,5
cg14249520,7
cg14699728,0
cg14780632,0
cg15296767,5
cg15310492,0
cg15861585,0
cg15916004,5
cg16385335,3
cg16554981,4
cg16776065,5
cg17176573,0
cg17416644,2
cg17566541,5
cg17611235,4
cg18032502,4
cg18723409,5
cg18729298,5
cg18987410,0
cg19021383,6
cg19284039,6
cg19679397,4
cg20171011,3
cg20596329,5
cg20809378,0
cg21011139,0
cg21663341,5
cg21782309,2
cg21893358,6
cg22136363,5
cg22805485,4
cg23854488,0
cg24049888,6
cg24891434,6
cg25203481,0
cg25258098,6
cg25886479,6
cg26051413,6
cg26226988,3
cg00610577,5
cg00766289,4
cg01054110,1
cg01352472,4
cg02734259,6
cg03539765,5
cg03565777,2
cg04347477,7
cg07679219,6
cg07877257,4
cg07986199,4
cg08696931,5
cg09692396,1
cg09800500,3
cg09887059,5
cg10317314,6
cg10665891,7
cg10906284,0
cg11429292,5
cg13504434,1
cg13575925,6
cg14062119,0
cg14078579,2
cg14497054,6
cg14844236,5
cg16065021,0
cg16374999,0
cg16408865,1
cg16519192,4
cg18644252,4
cg18877737,1
cg19796532,5
cg20090957,2
cg20181887,5
cg20731937,6
cg22125805,0
cg22249612,7
cg22490861,0
cg23081604,2
cg23128949,5
cg24131359,7
cg25201101,3
cg26922917,4
cg26931862,0
cg27179101,5
cg27651238,6
cg00525681,6
cg00963378,6
cg02030958,2
cg02320481,0
cg02547394,5
cg02611934,2
cg03486986,6
cg03954144,2
cg06133910,2
cg06259025,6
cg06452665,0
cg06470855,2
cg07296256,5
cg08136772,0
cg08293242,2
cg08510264,0
cg08959039,6
cg09469566,5
cg09907509,5
cg13846270,5
cg13903179,6
cg15653173,0
cg15696906,5
cg15972148,7
cg16705627,0
cg16820615,6
cg17555373,5
cg17655970,4
cg20293942,6
cg24492140,2
cg25461801,0
cg26444528,5
cg26609631,0
cg27031448,4
cg27260867,2
cg01775802,4
cg01840183,4
cg01873886,0
cg01993818,2
cg02287710,5
cg02299497,6
cg03575765,1
cg04224064,5
cg04517524,6
cg05057720,0
cg05402891,1
cg05931439,5
cg08182193,4
cg09341793,5
cg10077239,0
cg10101773,5
cg10501704,0
cg10920224,2
cg11115622,5
cg11143148,1
cg13225565,2
cg14020846,5
cg17007640,0
cg18313317,2
cg19811934,1
cg19865237,4
cg20310894,0
cg20478129,0
cg22789982,6
cg23112821,1
cg23248887,0
cg23998119,0
cg24740320,1
cg24779941,0
cg26260369,2
cg26354128,0
cg26967100,0
cg27170268,7
cg01178680,5
cg01919939,1
cg02486855,4
cg03209642,0
cg04140663,0
cg04188862,0
cg05790451,5
cg06107293,7
cg07057579,0
cg07774964,7
cg08433504,4
cg09397246,5
cg09827761,2
cg12546081,6
cg12685846,0
cg12863693,2
cg13136933,6
cg13626582,6
cg14512563,0
cg15605858,5
cg16275295,5
cg16391327,4
cg18388910,6
cg18490614,5
cg19295951,0
cg19461383,6
cg19556901,6
cg19821713,5
cg19965221,0
cg20255370,2
cg20318166,5
cg20592017,4
cg21149266,7
cg21402921,0
cg21791017,5
cg22159025,6
cg23934731,0
cg24139093,0
cg24152845,2
cg24369989,0
cg25404375,3
cg25895948,0
cg26942432,6
cg27578811,5
cg27649239,0
cg27664085,6
cg00249383,5
cg00452882,4
cg00942219,0
cg01023759,4
cg01107178,3
cg01207684,1
cg01718742,0
cg02352240,0
cg02548364,0
cg02564175,6
cg02852791,6
cg03415617,6
cg03507326,3
cg03728674,3
cg03834411,4
cg03890691,5
cg04194840,1
cg04208403,1
cg04716530,3
cg04914946,7
cg05083852,7
cg05413628,7
cg05457730,6
cg05638439,1
cg06233301,3
cg06552969,4
cg06601581,1
cg06602086,4
cg06749872,2
cg07310671,1
cg07336350,0
cg07516511,2
cg07605523,2
cg07639376,2
cg07646362,2
cg07850527,0
cg08084154,6
cg08277369,4
cg08296037,2
cg08428292,3
cg08438529,3
cg08511886,4
cg08886823,5
cg08923669,4
cg09259081,4
cg09316954,4
cg09477019,5
cg09482050,4
cg09642825,2
cg15811515,0
cg16372632,2
cg16391678,3
cg27183791,3
cg27219841,4
cg27228433,6
cg27365295,4
cg27583010,3
cg00376544,0
cg00430613,2
cg00594854,3
cg00911794,5
cg00945209,2
cg00974761,3
cg01461856,6
cg01543184,7
cg01637175,6
cg01781617,6
cg02093112,0
cg02228675,6
cg02374745,0
cg02452435,2
cg02676175,6
cg02930419,4
cg03407747,6
cg03803541,4
cg04042333,2
cg04296540,5
cg04352272,6
cg05373251,1
cg05726661,5
cg05856321,6
cg05978306,5
cg06100756,5
cg06126721,7
cg06893273,4
cg07075026,6
cg07146073,3
cg07274618,0
cg07697428,3
cg07739179,6
cg07937925,5
cg08154101,2
cg08500763,5
cg08591265,3
cg09096555,0
cg09121543,3
cg09187107,7
cg09648727,1
cg09812376,2
cg10137837,0
cg10186366,5
cg10308785,4
cg11068289,3
cg11183072,5
cg11641791,0
cg12077963,2
cg12765064,6
cg14011789,3
cg14181409,7
cg14263391,5
cg14947218,2
cg15191021,2
cg15825321,0
cg16047279,3
cg16340422,2
cg16513459,2
cg16755500,5
cg16766914,2
cg16810031,4
cg16835101,2
cg16968985,2
cg16969368,0
cg17179862,4
cg17525495,7
cg17807479,5
cg18026225,6
cg18128536,2
cg19030682,3
cg19056772,5
cg19163395,2
cg19430537,6
cg19447962,5
cg19563510,5
cg19618897,3
cg19935040,0
cg20273670,0
cg20769177,0
cg20966754,6
cg21237687,6
cg21347874,3
cg21692620,0
cg21926619,7
cg22120714,5
cg22175814,6
cg22193912,7
cg22534110,4
cg23161218,5
cg23350904,5
cg23365801,2
cg23621097,5
cg23669081,2
cg23766254,0
cg24122498,5
cg24709951,3
cg24803719,5
cg24870966,1
cg25563256,5
cg25657218,6
cg25858132,4
cg26879581,0
cg27125849,0
cg27138293,6
cg27375378,6
cg27395066,5
cg00366917,4
cg00636427,5
cg01056135,7
cg02750262,6
cg03614193,0
cg03972071,5
cg07637837,4
cg15916399,0
cg16922039,5
cg18044383,5
cg20192747,5
cg21330207,6
cg23883696,5
cg24202131,0
cg24880056,0
cg25423077,6
cg00449767,2
cg00479463,3
cg00591868,3
cg00593900,0
cg01023751,3
cg01410876,6
cg01428589,0
cg01542019,1
cg02624701,6
cg02711397,0
cg02872767,4
cg02919615,6
cg03192598,0
cg03593550,0
cg03624195,5
cg03630821,6
cg04164838,6
cg04419610,0
cg04546413,6
cg04731544,0
cg05006231,2
cg05027597,6
cg05213896,0
cg05308495,6
cg05368740,0
cg06379435,7
cg06423211,4
cg06706159,3
cg06942742,6
cg07060551,0
cg07355926,2
cg07382454,0
cg07749412,6
cg07785717,0
cg08145067,5
cg08305436,5
cg08324152,6
cg08461949,0
cg08570691,3
cg08617160,6
cg08852641,1
cg09450024,2
cg09515953,0
cg09521703,0
cg09578475,0
cg09907936,5
cg09935271,1
cg10374084,2
cg10404009,4
cg10604476,6
cg10665321,0
cg10687087,2
cg10769989,4
cg10783469,6
cg11254700,5
cg11395414,1
cg11902728,5
cg12156512,7
cg12216477,6
cg12227172,0
cg12542255,6
cg13404054,0
cg13407975,5
cg13558754,5
cg14036830,0
cg14101485,7
cg14106680,2
cg14299480,6
cg14582763,0
cg14679780,3
cg15027300,5
cg15030849,5
cg15213081,6
cg15215348,5
cg15572907,2
cg15576517,1
cg15690347,6
cg16015423,5
cg16194588,6
cg16615829,6
cg16672562,1
cg16744531,4
cg17780246,6
cg17810176,5
cg17861230,0
cg17929770,5
cg18075691,6
cg18229178,6
cg18384778,0
cg18417954,0
cg18541087,3
cg18563413,6
cg19344626,1
cg19485202,0
cg19497523,2
cg19517476,3
cg20106459,5
cg20464719,4
cg20667364,6
cg21869609,2
cg21994712,4
cg22195627,0
cg22294740,4
cg23331484,0
cg23368787,0
cg23463608,3
cg24137511,3
cg24175803,2
cg24368848,0
cg24377495,6
cg24415208,0
cg24476033,6
cg24679890,5
cg24714497,6
cg24794228,2
cg24840300,2
cg24911113,5
cg24923931,6
cg25352836,6
cg25537993,5
cg25556122,1
cg25623524,6
cg25784220,0
cg26254045,2
cg26734888,0
cg26746936,0
cg26827373,0
cg26890189,0
cg26923490,0
cg26988138,4
cg27072996,5
cg27152890,5
cg27391267,5
cg00199007,5
cg00446123,2
cg00929635,5
cg01220680,0
cg01552272,5
cg02231404,2
cg03774514,0
cg04787211,0
cg06060522,6
cg07543830,0
cg07676859,5
cg09282500,3
cg10636447,6
cg12215340,0
cg12894649,0
cg14345012,0
cg14815891,2
cg14947478,4
cg16552454,5
cg16737517,6
cg17116120,6
cg20513976,2
cg20779964,5
cg21201401,4
cg22138735,2
cg22328786,0
cg22534145,5
cg23169957,5
cg23944804,0
cg24112000,4
cg24675557,4
cg24733560,2
cg25006249,2
cg25557432,0
cg25712981,4
cg26083330,2
cg26861732,5
cg27262717,0
cg00994804,4
cg01579765,2
cg01664727,2
cg02119577,4
cg02119792,2
cg02869559,4
cg04217515,7
cg06167719,4
cg06758350,4
cg07581732,0
cg10044179,2
cg11766577,6
cg11767757,3
cg12477880,4
cg13951069,7
cg16624482,7
cg16784985,2
cg22240348,6
cg24945462,1
cg25783241,2
cg00093544,0
cg00784671,2
cg01257975,0
cg01808030,6
cg02469909,5
cg03364108,5
cg04046669,5
cg04965050,5
cg05064106,2
cg05992904,2
cg06148736,2
cg06268694,0
cg07059402,4
cg07416664,4
cg09435190,2
cg09619624,2
cg10836392,5
cg10941566,5
cg11377136,0
cg12492885,5
cg13909895,1
cg14509403,5
cg15209808,5
cg15548613,6
cg15552843,5
cg15909981,0
cg18445088,0
cg18708252,3
cg19112186,6
cg20164887,0
cg20744362,4
cg20996561,6
cg22189786,6
cg22471075,2
cg23400715,3
cg23825480,2
cg27619353,1
cg00020474,5
cg00028022,2
cg00112952,4
cg00251125,3
cg00318631,4
cg00359365,1
cg00464946,3
cg00484358,0
cg00815832,6
cg00821310,1
cg00913954,7
cg00921097,3
cg00944785,7
cg00964446,3
cg00995854,7
cg01040850,3
cg01062020,4
cg01427815,6
cg01459453,1
cg01554474,1
cg01557798,0
cg01711077,3
cg01713950,1
cg01785514,4
cg01901101,5
cg01910639,3
cg01974375,1
cg02243785,0
cg02487331,2
cg02772605,2
cg02912371,3
cg02922776,7
cg02951739,3
cg02952913,7
cg02976588,5
cg03149128,0
cg03254146,2
cg03396347,4
cg03422911,0
cg03518202,3
cg03655142,3
cg03678274,7
cg03749154,3
cg04083966,2
cg04193160,0
cg04205769,7
cg04206665,2
cg04219099,6
cg04231677,7
cg04244970,4
cg04275362,3
cg04287259,3
cg04290171,1
cg04295372,7
cg04395153,4
cg04411044,1
cg04491808,3
cg04552418,7
cg04567445,5
cg04573706,3
cg04605532,7
cg04811114,2
cg04830316,3
cg04885825,3
cg04885881,3
cg05365199,3
cg05598488,2
cg05697274,2
cg05761882,2
cg05768419,1
cg05776630,4
cg05802386,3
cg05843457,4
cg05919685,3
cg06060874,1
cg06205333,6
cg06223162,2
cg06335143,0
cg06338710,4
cg06358171,5
cg06635351,7
cg06644515,3
cg06794355,3
cg06825163,4
cg06853416,1
cg06911110,1
cg06935979,6
cg06951677,4
cg07033722,7
cg07157834,2
cg07167872,2
cg07178825,0
cg07312601,3
cg07388493,3
cg07515989,5
cg07797372,1
cg07814932,7
cg07817856,4
cg07948875,7
cg07979236,7
cg08111158,2
cg08128734,3
cg08237401,6
cg08260406,2
cg08277548,4
cg08477332,2
cg08491437,3
cg08539965,7
cg08639434,2
cg08650784,3
cg08727996,2
cg08840010,1
cg08893087,3
cg08895590,4
cg08944170,2
cg09082287,0
cg09118625,6
cg09277376,5
cg09359103,6
cg09791504,3
cg09809672,1
cg09935388,4
cg10202113,1
cg10431747,0
cg10495683,7
cg10576245,5
cg10584024,1
cg10587082,1
cg10824677,4
cg10826999,7
cg10880902,3
cg10901806,3
cg10958452,7
cg11003133,3
cg11136041,3
cg11137145,1
cg11142333,3
cg11231349,3
cg11256186,4
cg11314684,1
cg11348257,7
cg11425788,1
cg11587191,3
cg11742688,4
cg11842367,6
cg11846112,5
cg11851382,3
cg12079303,1
cg12126706,1
cg12139069,1
cg12278474,1
cg12640482,3
cg12648811,4
cg12691488,2
cg12725760,4
cg12876356,4
cg13115222,1
cg13299824,3
cg13385220,1
cg13420364,1
cg13423554,5
cg13440692,2
cg13446689,4
cg13457410,4
cg13529755,2
cg13854219,7
cg13918804,4
cg13925011,3
cg14028598,7
cg14074626,3
cg14159672,2
cg14171486,5
cg14200127,1
cg14518227,4
cg14614643,1
cg14615152,3
cg14732540,2
cg14893161,2
cg14985891,7
cg15057250,4
cg15358723,3
cg15393490,1
cg15481583,1
cg15512289,1
cg15591803,4
cg15629460,6
cg15718932,3
cg15731815,0
cg15830864,1
cg16008966,3
cg16080552,6
cg16102739,4
cg16104584,1
cg16348158,1
cg16384864,3
cg16512885,2
cg16686396,1
cg16734875,3
cg16908123,3
cg16966139,3
cg17013990,7
cg17163404,3
cg17168771,2
cg17168836,3
cg17217296,3
cg17226042,1
cg17241310,0
cg17328665,4
cg17435683,1
cg17453456,3
cg17508639,1
cg17591816,7
cg17737314,7
cg17972213,2
cg18023598,0
cg18028470,3
cg18140268,6
cg18150280,3
cg18354264,4
cg18391209,2
cg18595867,5
cg18765906,3
cg18854765,5
cg18933331,1
cg18964582,3
cg19260376,4
cg19261426,3
cg19317258,3
cg19471466,2
cg19510626,1
cg19560758,0
cg19679865,2
cg19743168,4
cg19800670,2
cg19806310,3
cg19811148,3
cg19815596,6
cg19864060,1
cg19872095,3
cg20149168,6
cg20245116,4
cg20311002,3
cg20324858,3
cg20433858,2
cg20507276,2
cg20591472,0
cg20598894,3
cg20692980,6
cg20768358,6
cg21139639,2
cg21263566,7
cg21448423,4
cg21523751,1
cg21606490,2
cg21696012,7
cg21805734,2
cg21815704,7
cg21870884,5
cg22165175,5
cg22386492,4
cg22401679,1
cg22512670,1
cg22627753,3
cg22670572,1
cg22694271,7
cg22730004,1
cg22789976,3
cg22809683,3
cg22848646,7
cg22875332,2
cg22901840,6
cg23019889,4
cg23078123,1
cg23084506,2
cg23095383,3
cg23206461,6
cg23627354,2
cg23683497,3
cg23733394,2
cg23915527,4
cg23961843,2
cg23983887,3
cg24150153,0
cg24401262,7
cg24433287,0
cg24474852,6
cg24502330,7
cg24503407,2
cg24553170,2
cg24693760,4
cg24742520,6
cg24871743,6
cg24931632,5
cg25104727,6
cg25187161,7
cg25199552,7
cg25203916,3
cg25215028,3
cg25256723,3
cg25302646,3
cg25408950,7
cg25410668,0
cg25597117,2
cg25602718,4
cg25838465,2
cg26015416,6
cg26032419,3
cg26050864,5
cg26105956,7
cg26118326,4
cg26189021,3
cg26271435,3
cg26304237,0
cg26328951,3
cg26372517,0
cg26407558,2
cg26570389,2
cg26804772,1
cg26864766,2
cg26894354,3
cg27003165,4
cg27176729,7
cg27541604,3
cg27573991,1
cg00059089,3
cg00458932,3
cg00495775,0
cg00544573,3
cg00602811,1
cg00689213,3
cg00720159,7
cg00982136,3
cg01017244,2
cg01123250,2
cg01273330,6
cg01331772,0
cg01479768,6
cg01491071,3
cg01584932,7
cg01726273,2
cg01728482,2
cg01766396,7
cg01928206,3
cg01940273,4
cg01942558,7
cg02111865,7
cg02116283,7
cg02243157,7
cg02255510,1
cg02444957,2
cg02584498,7
cg02646515,3
cg02675527,4
cg02746381,5
cg03065107,3
cg03147185,3
cg03389926,3
cg03626672,1
cg03716125,1
cg03906115,7
cg03936870,1
cg03938978,2
cg04075726,7
cg04195125,5
cg04519775,3
cg04670857,0
cg04722349,4
cg04845466,2
cg04873188,7
cg04945753,3
cg04955914,3
cg05057534,7
cg05081953,3
cg05363871,3
cg05528339,6
cg05564251,3
cg05609159,1
cg05616969,5
cg05624376,7
cg05875017,4
cg05890855,3
cg05951221,4
cg05995465,2
cg06153448,2
cg06240854,3
cg06271067,4
cg06372850,0
cg06574296,4
cg06639320,0
cg06848247,2
cg07197831,3
cg07227049,7
cg07307994,4
cg07319315,7
cg07615802,2
cg07782112,4
cg08010094,4
cg08035323,1
cg08348957,4
cg08455099,0
cg08467103,1
cg09154591,4
cg09198968,4
cg09287629,5
cg09303312,0
cg09324018,7
cg09353052,3
cg09399716,4
cg09455823,4
cg09692695,1
cg09715285,4
cg09727050,7
cg09841889,1
cg10075819,3
cg10089963,5
cg10106284,1
cg10107473,1
cg10359347,0
cg10416784,3
cg10447327,7
cg10639368,2
cg10827754,7
cg10881225,3
cg10898024,1
cg10944063,3
cg11009736,7
cg11028872,7
cg11059159,2
cg11234688,4
cg11505026,1
cg11660398,5
cg11807280,1
cg11872231,3
cg11916609,7
cg11947548,6
cg12058385,7
cg12313149,7
cg12500956,1
cg12760299,4
cg12940181,7
cg12966876,3
cg13135455,3
cg13149736,3
cg13156207,3
cg13388731,3
cg13391675,1
cg13758331,7
cg13847640,4
cg13854012,4
cg13875008,1
cg13903421,6
cg14003416,7
cg14102437,7
cg14209730,7
cg14639163,0
cg14898223,1
cg15025240,4
cg15344192,4
cg15541040,6
cg15612945,7
cg15652532,2
cg15736127,5
cg15989068,5
cg16058600,6
cg16350446,7
cg16640358,3
cg17052675,4
cg17112958,0
cg17216243,7
cg17445212,4
cg17594003,1
cg17717333,2
cg17959183,7
cg18006568,5
cg18107006,7
cg18141622,7
cg18145105,6
cg18154283,3
cg18328334,4
cg18739675,1
cg18826637,3
cg18899117,7
cg19000647,5
cg19040195,7
cg19077806,3
cg19083407,2
cg19089617,2
cg19225688,7
cg19410609,7
cg19654437,3
cg19671120,0
cg19805943,4
cg19828970,7
cg19867914,7
cg19903071,5
cg20219891,6
cg20325573,4
cg20348746,1
cg20398418,5
cg20563666,4
cg20608990,1
cg20846728,2
cg20891558,2
cg20954977,4
cg21023831,1
cg21188652,3
cg21232161,5
cg21319458,5
cg21368063,3
cg21482265,2
cg21512179,3
cg21563471,3
cg21819782,4
cg21849780,4
cg21862353,4
cg22007809,1
cg22022881,2
cg22033586,5
cg22047282,4
cg22094163,4
cg22276371,4
cg22303418,0
cg22363368,3
cg22478317,3
cg22666015,7
cg22737154,1
cg22833612,7
cg22943590,1
cg22957691,7
cg23008718,5
cg23013850,5
cg23077820,0
cg23119026,3
cg23320965,1
cg23363263,7
cg23482132,3
cg23688111,1
cg23737263,1
cg23817627,4
cg24168002,7
cg24290756,3
cg24475517,7
cg24601559,1
cg24605325,3
cg24608504,7
cg24768116,6
cg25223285,2
cg25305879,7
cg25413977,1
cg25757820,7
cg26090072,7
cg26094651,4
cg26164488,7
cg26179400,2
cg26207766,2
cg26309498,1
cg26343883,0
cg26530942,3
cg26748578,4
cg26823762,5
cg26843807,6
cg27048432,4
cg27134910,1
cg27218978,5
cg27237671,6
cg27597853,1
cg27614178,7
cg00238910,2
cg00303541,0
cg00329615,1
cg00390253,3
cg00446046,7
cg00472373,4
cg00481951,0
cg00832928,4
cg01062024,3
cg01069738,3
cg01178099,7
cg01289541,3
cg01292810,4
cg01331196,4
cg01353941,4
cg01542719,3
cg01556706,1
cg01671681,3
cg01844642,0
cg02047661,3
cg02241759,7
cg02332525,5
cg02527881,1
cg02782895,4
cg03171795,7
cg03274391,4
cg03520471,3
cg03530962,1
cg03556243,1
cg03751527,7
cg03779374,1
cg04228468,0
cg04244170,7
cg04357717,1
cg04422741,7
cg04474366,3
cg04508804,0
cg04521004,0
cg04903759,7
cg05129081,4
cg05279738,3
cg05371578,0
cg05433805,1
cg05529343,4
cg05547895,2
cg05625284,4
cg05628049,5
cg05655806,3
cg05700079,0
cg05936004,7
cg06489037,1
cg06583921,3
cg06661266,3
cg06706813,7
cg06737494,0
cg06740950,7
cg06798483,3
cg06806862,2
cg07275179,7
cg07620573,4
cg08033130,6
cg08124030,1
cg08359464,7
cg08468401,1
cg08526209,3
cg08821998,2
cg09417547,7
cg09447811,7
cg09467433,7
cg09599062,1
cg09611620,3
cg09626521,2
cg10727673,3
cg10784511,3
cg11084334,0
cg11099600,2
cg11160908,3
cg11321190,3
cg11488033,4
cg11740416,4
cg11938367,3
cg12184221,3
cg12196294,7
cg12200866,4
cg12508343,5
cg12899747,3
cg12962542,1
cg12963656,5
cg13050802,4
cg13229867,1
cg13244293,3
cg13256912,3
cg13388769,3
cg13441156,7
cg13612275,4
cg13679679,1
cg13799772,7
cg13879776,5
cg14016236,7
cg14187293,6
cg14188401,1
cg14209346,4
cg14312439,7
cg14473924,5
cg14574489,4
cg14583999,1
cg14614917,3
cg14664412,7
cg14671809,3
cg14703454,4
cg14772800,5
cg14775286,3
cg15028548,1
cg15360181,3
cg15504461,0
cg15693572,1
cg15703322,4
cg15906260,3
cg15957055,0
cg16154857,3
cg16163419,1
cg16181396,0
cg16782084,3
cg16932827,1
cg16975614,6
cg17067226,3
cg17279458,5
cg17448336,0
cg17460445,2
cg17660833,4
cg18095675,7
cg18333339,1
cg18405719,1
cg18450254,1
cg18480675,1
cg18496212,7
cg18522231,2
cg18720486,5
cg18770216,1
cg18918831,2
cg18998911,5
cg19266387,5
cg19483007,3
cg19605623,1
cg19668234,2
cg19729744,1
cg19760965,4
cg20267101,1
cg20668765,4
cg20747538,3
cg20917491,4
cg20925462,0
cg21213853,0
cg21260733,2
cg21360910,1
cg21434132,2
cg21723486,4
cg21735741,2
cg21792134,7
cg21821982,7
cg21827317,4
cg21832546,7
cg21899500,0
cg21968765,1
cg22156842,3
cg22380007,7
cg22583147,3
cg22870429,3
cg23005227,3
cg23651889,3
cg23828301,7
cg24175188,7
cg24200753,1
cg24337025,4
cg24512093,3
cg24769830,4
cg25250358,0
cg25437886,7
cg25631489,3
cg25711003,1
cg25799109,1
cg25818109,3
cg25857695,6
cg25975856,4
cg26062204,3
cg26690511,7
cg26712821,3
cg27020216,5
cg27084654,3
cg27104695,4
cg27526665,0
cg27589809,3
cg00020991,3
cg00741986,3
cg00957901,3
cg01026744,2
cg01091514,2
cg01290904,1
cg01394167,6
cg01400750,5
cg01609139,4
cg01882498,4
cg02193956,7
cg02198513,6
cg02525719,1
cg02722613,2
cg02830749,7
cg02847897,4
cg02854972,3
cg03215181,5
cg03276883,3
cg03340036,7
cg03418002,7
cg03461641,4
cg03782453,5
cg03797115,7
cg03835987,7
cg03862987,3
cg03967798,7
cg03996822,1
cg04006143,3
cg04102163,5
cg04181038,2
cg04399899,7
cg04857395,2
cg05106770,1
cg05211868,1
cg05369942,1
cg05448404,0
cg05626927,3
cg06482428,0
cg06588841,3
cg06713675,2
cg06737308,4
cg07333191,0
cg07428959,7
cg07700233,2
cg08262002,3
cg08289567,1
cg08448170,2
cg08817983,4
cg09351881,2
cg09362608,6
cg09768983,2
cg10242160,0
cg10334354,0
cg10338518,7
cg10512376,3
cg10841253,1
cg10933003,0
cg10955995,3
cg11036041,1
cg11037576,4
cg11088672,1
cg11266682,4
cg11331717,4
cg11519983,2
cg11970349,0
cg12253071,4
cg12306086,5
cg12524338,1
cg12599598,7
cg12717203,2
cg13126871,1
cg14001992,5
cg14022913,7
cg14069287,1
cg14192029,6
cg14497545,4
cg14626309,0
cg14959260,3
cg15105011,4
cg15410675,7
cg15736994,1
cg16001165,1
cg16301894,1
cg16567676,7
cg16737749,3
cg18099096,1
cg18242288,7
cg18434356,2
cg18609078,0
cg18650307,3
cg18797590,1
cg18993949,3
cg19142035,3
cg19473989,4
cg19757535,4
cg19922435,1
cg19978674,6
cg20012601,1
cg20107506,7
cg20320494,2
cg20332195,6
cg20639618,4
cg20816447,3
cg21593015,3
cg21593676,4
cg21743826,1
cg21754194,3
cg21757281,6
cg21983607,4
cg22204103,7
cg23006040,3
cg23137881,7
cg23316648,1
cg23574427,4
cg23836737,1
cg24019078,2
cg24493367,7
cg24597363,7
cg25150953,1
cg25779483,5
cg25886683,4
cg26118045,5
cg26248284,0
cg27186013,5
cg27571769,0
cg00059225,0
cg00177388,0
cg00255919,2
cg00283283,1
cg00299286,2
cg00489401,0
cg00507945,2
cg00530870,7
cg00808170,6
cg01114163,4
cg01208126,2
cg01241390,7
cg01288724,7
cg01579024,2
cg01595951,3
cg01606885,3
cg01741836,4
cg01790628,2
cg02114954,3
cg02161292,6
cg02243061,3
cg02357714,5
cg02531924,3
cg02599361,4
cg02891314,4
cg03378599,2
cg03555227,0
cg03726377,6
cg03873281,1
cg04550712,3
cg04609576,0
cg04730794,7
cg05191919,3
cg05206633,7
cg05256605,4
cg05516295,3
cg05673882,3
cg05693204,3
cg05845217,3
cg05941376,3
cg05982301,3
cg06111286,7
cg06448705,0
cg06465076,7
cg06526721,1
cg06710259,4
cg06757585,0
cg06758539,7
cg07035165,0
cg07181209,4
cg07219494,1
cg07485775,0
cg07717903,6
cg07749597,7
cg07850154,1
cg08305575,7
cg08505883,4
cg08570034,1
cg08748308,1
cg08871495,2
cg08874609,0
cg08951638,6
cg09101941,7
cg09510752,1
cg09816420,2
cg09817016,3
cg09844976,5
cg09885622,1
cg09936799,2
cg10202975,7
cg10257870,6
cg10420838,3
cg10472919,0
cg10535132,4
cg10874644,1
cg11214001,5
cg11230940,4
cg11438310,6
cg11553311,4
cg11838237,3
cg11847992,1
cg11948905,5
cg11958644,0
cg12547959,7
cg12580445,4
cg12960696,3
cg13011109,2
cg13012653,4
cg13039251,1
cg13314260,4
cg13453847,3
cg13626140,3
cg14314729,3
cg14472390,6
cg14502625,4
cg14566959,0
cg15712777,5
cg15839088,3
cg15874877,6
cg16079430,2
cg16316394,6
cg16349093,1
cg16429735,4
cg16453474,1
cg16998950,7
cg17306747,0
cg17394978,3
cg17542330,4
cg17598923,2
cg17621438,1
cg17735593,4
cg18054674,6
cg18897025,7
cg18900914,4
cg19247475,2
cg19673549,7
cg19882512,4
cg19933985,4
cg20666307,3
cg20687255,2
cg20934416,7
cg20954870,7
cg20959460,0
cg20977312,7
cg21101631,6
cg21117330,2
cg21878650,1
cg22143698,5
cg22190023,4
cg22502308,0
cg22788465,3
cg22935653,1
cg23050394,7
cg23230564,7
cg23248424,4
cg23346945,3
cg23408558,3
cg23500537,0
cg23510764,1
cg23911433,7
cg24736734,3
cg24893378,4
cg24894783,7
cg25310824,7
cg25476565,2
cg26269677,1
cg26389950,2
cg26549701,0
cg26811372,2
cg26921969,0
cg26934362,3
cg27079776,2
cg27346707,5
cg27579771,7
cg27583655,4
cg00049595,4
cg00101728,6
cg00135293,4
cg00244776,1
cg00269725,4
cg00439981,7
cg00457913,5
cg00791074,1
cg00804078,1
cg00933603,1
cg00987918,3
cg01233934,6
cg01305913,6
cg01316659,4
cg01394339,3
cg01431340,7
cg01506917,1
cg01546820,3
cg01608493,4
cg01612140,1
cg01699630,7
cg01797450,4
cg01946401,1
cg02091100,3
cg02096172,4
cg02173969,6
cg02181920,3
cg02270332,4
cg02286081,1
cg02835756,3
cg02841199,2
cg02872426,3
cg02932780,3
cg03052078,7
cg03128060,4
cg03187073,7
cg03340878,1
cg03395511,6
cg03735592,1
cg03910874,3
cg04052934,1
cg04064963,1
cg04105923,3
cg04739200,7
cg04771084,2
cg04812347,5
cg04813787,3
cg04826368,1
cg04985482,4
cg05064044,4
cg05082466,2
cg05218678,3
cg05316627,1
cg05352838,3
cg05426299,3
cg05739816,4
cg06126421,1
cg06363485,4
cg06407843,7
cg06413398,1
cg06473288,3
cg06682039,7
cg06762457,3
cg06804823,3
cg06879746,1
cg06975018,4
cg07095347,1
cg07164639,1
cg07343445,0
cg07659053,6
cg08061598,3
cg08188318,1
cg08188698,4
cg08263071,0
cg08355045,1
cg08421910,4
cg08628635,7
cg08742502,3
cg08824384,3
cg08998192,3
cg09365147,7
cg09487078,3
cg09676013,3
cg09715059,1
cg09806625,6
cg10111335,3
cg10278025,3
cg10279314,2
cg10296205,5
cg10395519,2
cg10482057,4
cg10699171,4
cg10735454,6
cg10805721,0
cg10852154,5
cg11235426,6
cg11721349,1
cg11728738,3
cg11747594,4
cg11842502,7
cg11938672,2
cg12106976,5
cg12315353,3
cg12546582,2
cg12584458,2
cg12656896,7
cg12662084,1
cg12939283,1
cg13220290,2
cg13413719,7
cg13500852,2
cg13588517,3
cg13770399,5
cg13826452,5
cg13886789,4
cg14059339,7
cg14079463,4
cg14114133,3
cg14239348,3
cg14345882,2
cg14359052,3
cg14422240,6
cg14441271,6
cg14517133,1
cg14564351,5
cg14753356,1
cg14989243,5
cg15052665,4
cg15174906,4
cg15279541,2
cg15288329,4
cg15383120,6
cg15414930,1
cg15570656,4
cg15692593,4
cg15708526,2
cg15848685,4
cg15964468,5
cg15978899,1
cg15989608,3
cg16052901,3
cg16075940,6
cg16175713,7
cg16180082,3
cg16393899,7
cg16431787,1
cg16519217,3
cg16604233,1
cg16773067,4
cg16853860,1
cg16885113,4
cg17022232,3
cg17143179,4
cg17313269,7
cg17521665,3
cg17537347,4
cg17593342,1
cg17672614,1
cg17729072,3
cg17885226,0
cg17951878,7
cg18251767,4
cg18297196,5
cg18399451,3
cg18763100,2
cg19005210,5
cg19140262,5
cg19190163,3
cg19577206,1
cg19607845,7
cg19635401,7
cg19815376,1
cg20052760,1
cg20128323,4
cg20222562,7
cg20435535,2
cg20445774,5
cg20477259,3
cg20559385,3
cg20595453,1
cg20778199,3
cg20813374,3
cg20876760,0
cg21091547,1
cg21095280,3
cg21191810,6
cg21328082,7
cg21548813,6
cg21572722,0
cg21749424,4
cg21879146,4
cg22092014,6
cg22133973,1
cg22388948,5
cg22446264,1
cg22693055,3
cg22707529,5
cg22736354,0
cg22768222,1
cg22774605,7
cg23021340,1
cg23204396,3
cg23216724,4
cg23318893,1
cg23384708,3
cg23492779,1
cg23628721,3
cg23985641,3
cg24111025,3
cg24112628,3
cg24192846,2
cg24874254,3
cg25042789,3
cg25278941,7
cg25426208,2
cg25441141,3
cg25478114,1
cg25676166,1
cg25792410,6
cg25865108,4
cg26200580,0
cg26325867,3
cg26350754,3
cg26400113,2
cg26413855,1
cg26501049,3
cg26504835,2
cg26514623,7
cg26533311,6
cg26696162,7
cg26720545,6
cg26721803,3
cg26818197,7
cg26823505,3
cg26873880,2
cg26912251,1
cg26968378,2
cg27022531,7
cg27057509,1
cg27113015,3
cg27154651,1
cg27158519,3
cg27247736,4
cg27434890,7
cg00029246,1
cg00139681,7
cg00413089,4
cg00423035,5
cg00475322,4
cg00663946,1
cg00904258,7
cg00936348,1
cg01042465,6
cg01119452,7
cg01156747,2
cg01306563,1
cg01323964,7
cg01353448,0
cg01372694,2
cg01492538,5
cg01496696,3
cg01720616,1
cg01726295,6
cg01874867,4
cg02363526,6
cg02756107,3
cg03068497,3
cg03185704,2
cg03334072,3
cg03369957,3
cg03461110,0
cg03464229,3
cg03470754,6
cg03593189,5
cg03829739,4
cg03840694,4
cg03853208,5
cg04037707,3
cg04427498,0
cg04776231,7
cg04810997,4
cg04873577,1
cg05009601,0
cg05144285,6
cg05231837,2
cg05285228,4
cg05632420,3
cg05675570,6
cg06228763,3
cg06257058,7
cg06486190,7
cg06529080,0
cg06556290,3
cg06781608,3
cg06809544,0
cg06889086,3
cg07006935,5
cg07286216,4
cg07302959,7
cg07510230,4
cg07512361,6
cg07568841,3
cg07876788,4
cg08052546,2
cg08097417,0
cg08352439,3
cg08402433,5
cg08767938,5
cg08795557,3
cg08822075,1
cg08952306,6
cg09125311,0
cg09132376,4
cg09342997,7
cg09832613,3
cg10036013,0
cg10183893,2
cg10679182,7
cg10691866,3
cg11573518,3
cg11601967,4
cg12190994,6
cg12364136,3
cg12534424,0
cg12590535,3
cg12771187,3
cg12894711,4
cg13138446,4
cg13278478,1
cg13538299,3
cg13817046,7
cg13969327,1
cg14042143,1
cg14062261,2
cg14163049,3
cg14329783,6
cg14603031,5
cg14761417,3
cg14762436,6
cg14989226,3
cg14998613,5
cg15177211,4
cg15212455,2
cg15249221,2
cg15309361,5
cg15679892,2
cg15893346,3
cg16810343,3
cg16813187,4
cg16888547,1
cg17207545,2
cg17240725,4
cg17279839,4
cg17326451,1
cg17330251,4
cg17372101,1
cg17508941,0
cg17569124,4
cg17614506,3
cg17727071,1
cg18064714,0
cg18245230,3
cg18276112,7
cg18297960,3
cg18332229,7
cg18603538,3
cg18887458,1
cg18944176,4
cg19149522,4
cg19361615,6
cg19513582,7
cg19665696,2
cg19759064,1
cg19759481,4
cg19801025,4
cg20038219,1
cg20170989,3
cg20665157,0
cg20665259,3
cg21144063,6
cg21186955,3
cg21200382,2
cg21429551,3
cg21537187,1
cg21661022,6
cg21710826,7
cg21728101,2
cg21768835,4
cg21842920,4
cg22171829,4
cg22383121,4
cg22525688,7
cg22543892,1
cg23222472,1
cg23302989,7
cg23304647,5
cg23565757,2
cg23616741,6
cg23621013,3
cg24025721,7
cg24222995,0
cg24249450,4
cg24441899,2
cg24534583,7
cg24627299,1
cg24642844,6
cg25009327,4
cg25814293,4
cg25868285,2
cg25966908,2
cg26057752,6
cg26122963,3
cg26153045,3
cg26162326,7
cg26284540,6
cg26407841,7
cg26478599,7
cg26584120,5
cg26613778,4
cg26660312,5
cg26687381,2
cg26875135,4
cg27284331,4
cg27457191,3
cg27497928,3
cg27511599,2
cg27532318,6
cg27601169,6
cg27637738,4
cg00002224,4
cg00007076,3
cg00021855,1
cg00074818,6
cg00178249,0
cg00250645,1
cg00337440,3
cg00533182,5
cg00582628,3
cg00640314,3
cg00738934,1
cg01607321,7
cg01793320,3
cg01794245,3
cg02151632,2
cg02190353,7
cg02297967,1
cg02303505,1
cg02711724,2
cg03058664,4
cg03090969,3
cg03116837,2
cg03128011,4
cg03485669,1
cg03594078,7
cg03714676,7
cg04035553,4
cg04035728,1
cg04264433,5
cg04440283,1
cg04612566,4
cg04712321,2
cg04747619,3
cg04918696,6
cg05023707,2
cg05130482,4
cg06562718,4
cg06784232,7
cg07178994,4
cg07264586,4
cg07437919,4
cg07583137,1
cg07896832,7
cg08219700,6
cg08267399,3
cg08410878,2
cg08632810,5
cg08646313,3
cg08986840,4
cg09626984,0
cg09851545,4
cg10011091,7
cg10852045,3
cg11123440,1
cg11201447,3
cg11284147,7
cg11363234,1
cg11779808,6
cg12075928,3
cg12162100,7
cg12682382,7
cg12809098,7
cg12847536,2
cg12858593,7
cg13021857,1
cg13057663,7
cg13088432,7
cg13162127,7
cg13631444,1
cg14089503,3
cg14265709,1
cg14391923,1
cg14485877,2
cg14743346,3
cg14837598,1
cg14864167,4
cg14866167,3
cg15537850,1
cg15638882,4
cg15747595,0
cg15891546,7
cg15907480,4
cg15980656,7
cg16408820,3
cg16625218,3
cg16745033,3
cg17090611,7
cg17117049,1
cg17118775,4
cg17524265,6
cg17696517,4
cg17903548,4
cg18059933,4
cg18335796,0
cg18507018,7
cg18715243,1
cg18814083,2
cg19128026,4
cg19405177,4
cg19589396,3
cg20039814,6
cg20188739,3
cg20321319,3
cg20426042,4
cg20570109,4
cg20583945,2
cg21210376,3
cg21312929,4
cg21333674,1
cg21448513,3
cg21934190,4
cg21994818,4
cg22034735,4
cg22225886,3
cg22396119,1
cg22437276,1
cg22993706,4
cg23193613,1
cg23426156,3
cg23732024,4
cg23958704,1
cg24519108,7
cg24833027,6
cg25050565,3
cg25247520,3
cg25439632,4
cg25998745,1
cg26501026,5
cg26534677,1
cg26684174,4
cg26684319,1
cg26711508,3
cg27266060,2
cg27280535,3
cg27316626,6
cg00008629,1
cg00142257,2
cg00273198,1
cg00695112,3
cg00876267,1
cg01403030,3
cg01413354,1
cg01594949,1
cg01692968,1
cg01812894,3
cg01838004,2
cg02268013,3
cg04282082,2
cg05823563,1
cg06433816,2
cg07158339,1
cg07211259,3
cg07962315,4
cg08118354,3
cg08809361,3
cg09976142,2
cg10071929,2
cg10384133,2
cg12052661,0
cg12076931,6
cg13040392,6
cg13390441,3
cg13422921,7
cg13438337,7
cg13456470,4
cg13494087,3
cg13501527,3
cg13600149,2
cg13633625,7
cg13642260,2
cg13657200,3
cg13669432,3
cg13674249,4
cg13717350,2
cg13728834,0
cg13734401,1
cg13753351,7
cg13790576,1
cg13823169,3
cg13861180,1
cg13932501,7
cg13946956,5
cg13979887,7
cg14014731,3
cg14021373,6
cg14058848,3
cg14232851,3
cg14276584,5
cg14330585,6
cg14349078,3
cg14424376,2
cg14506515,2
cg14507845,3
cg14604007,4
cg21179618,5
cg21234955,3
cg21247874,3
cg21469772,2
cg23469878,1
cg26520847,6
cg00277334,1
cg00321709,2
cg00495658,3
cg00533891,1
cg00538147,2
cg00650614,2
cg00928816,3
cg00982519,3
cg01056004,4
cg01283625,7
cg01458105,6
cg01518131,1
cg02107824,3
cg02113055,2
cg02210151,6
cg02241986,3
cg02307823,7
cg02402091,3
cg02538681,7
cg02680903,3
cg02887530,3
cg02981003,2
cg03086067,6
cg03129384,0
cg03249630,7
cg03444838,3
cg03610280,3
cg03628800,3
cg03672997,4
cg03694279,4
cg03751055,2
cg03880642,1
cg03891590,5
cg03917666,3
cg04012681,3
cg04028695,1
cg04198075,3
cg04611437,0
cg04726013,5
cg05162858,7
cg05194426,2
cg05324516,1
cg05636467,4
cg06197966,3
cg06209897,1
cg06279296,2
cg06538549,1
cg06680852,4
cg06715410,4
cg06791446,6
cg06976598,3
cg07044115,6
cg07121693,3
cg07191657,1
cg07264682,1
cg07520810,3
cg07629776,2
cg08079763,1
cg08291907,1
cg08614871,3
cg08739651,6
cg08751451,4
cg08764162,7
cg08772003,6
cg08856318,5
cg08899523,4
cg08930843,7
cg09099868,0
cg09163720,7
cg09389824,3
cg09501025,3
cg10074506,4
cg10684486,1
cg10861731,1
cg11229663,1
cg11612647,3
cg11659652,3
cg11748187,2
cg11803859,7
cg11940177,1
cg12342675,4
cg12483947,1
cg12537405,2
cg12541534,4
cg12549908,4
cg12595742,4
cg12738763,2
cg13315147,6
cg13745632,4
cg13848598,0
cg13852284,7
cg13929328,0
cg14060519,1
cg14174912,3
cg14209784,1
cg14291745,6
cg14413904,2
cg14418922,4
cg14419424,5
cg14731462,3
cg14776578,1
cg14789659,3
cg14916175,1
cg14939821,1
cg15075988,7
cg15219811,7
cg15945235,4
cg16106427,6
cg16126754,2
cg16266492,4
cg16389209,3
cg16653991,2
cg17262810,7
cg17426923,6
cg17460183,3
cg17726092,2
cg17766305,5
cg17932911,7
cg18306516,3
cg18330082,2
cg18382353,5
cg18738190,1
cg19469447,2
cg20012537,3
cg20245361,4
cg20568497,4
cg22534097,7
cg22534759,6
cg22633036,6
cg22633096,3
cg22682200,4
cg22757362,2
cg22796593,4
cg22891191,1
cg23251200,3
cg23325364,3
cg23341182,3
cg23568192,7
cg23656300,3
cg23753748,1
cg24020157,7
cg24243879,0
cg24287110,4
cg24350475,3
cg24609819,1
cg24680439,1
cg24711336,3
cg24762932,5
cg24824686,1
cg24902461,7
cg24968869,2
cg25052156,6
cg25179876,7
cg25181170,7
cg25278353,7
cg25427880,0
cg25580581,3
cg25597390,1
cg26063719,1
cg26316423,3
cg26332926,1
cg26808618,3
cg27038348,3
cg27268352,4
cg27382409,3
cg27455098,4
cg00453717,7
cg01152624,4
cg01282174,1
cg01438090,1
cg01741372,4
cg01833234,4
cg01877352,5
cg02088673,3
cg02097792,3
cg02121547,1
cg02315732,1
cg02493544,3
cg02744216,3
cg02770745,7
cg02946903,2
cg03158561,3
cg03304763,7
cg03548415,1
cg03908676,3
cg04006327,0
cg04057455,3
cg04225088,7
cg04647918,4
cg04913265,2
cg04999352,3
cg05070250,4
cg05344747,7
cg05505103,4
cg05586607,1
cg05655457,1
cg05740244,2
cg05817709,3
cg05925497,4
cg05949397,7
cg06131936,3
cg06178669,3
cg06503573,4
cg06552810,1
cg06710328,7
cg07080372,3
cg07145284,5
cg07243930,2
cg07314988,2
cg07702424,7
cg08045981,3
cg08142096,3
cg08675521,3
cg08686462,3
cg08747557,3
cg08762819,3
cg08939373,7
cg09183450,3
cg09225861,6
cg09342225,3
cg09416908,7
cg09566331,2
cg09878888,5
cg10076902,3
cg10098373,2
cg10208301,4
cg10278102,3
cg10318313,2
cg10493270,4
cg10611016,7
cg10827488,5
cg10893908,3
cg11077392,3
cg11382203,3
cg11741201,1
cg11821245,2
cg13993218,3
cg14082886,4
cg14191024,7
cg14332815,2
cg14462402,1
cg14844989,1
cg14894216,4
cg15172739,3
cg15212210,4
cg15465743,2
cg15765817,4
cg15844711,3
cg16406611,4
cg16436762,7
cg16547529,0
cg16805553,2
cg16865908,4
cg16983588,1
cg17108629,5
cg17111166,1
cg17840408,4
cg18009484,2
cg18308516,3
cg18587063,3
cg19090861,5
cg19097880,3
cg19115017,3
cg19323289,3
cg19388930,3
cg19389884,0
cg19460095,4
cg20090290,7
cg20242427,7
cg20250981,6
cg20268992,5
cg20874052,1
cg20971158,3
cg21585512,4
cg21862992,2
cg22040301,1
cg22978477,1
cg23186333,3
cg23193059,7
cg23669043,1
cg23725454,1
cg23916104,6
cg24012880,7
cg24018756,2
cg24406240,7
cg24412714,3
cg24666096,4
cg24803614,1
cg24869272,0
cg25218152,7
cg25226711,2
cg25273707,3
cg25414537,2
cg25522867,3
cg25600606,7
cg25741594,7
cg25844590,7
cg25866895,1
cg26166595,3
cg26412374,7
cg26645401,0
cg26834418,4
cg27095222,1
cg27209729,1
cg27262041,1
cg27319188,1
cg27603015,7
cg00748589,0
cg01023672,7
cg01201512,0
cg01253753,7
cg01402099,3
cg01528542,3
cg01588993,6
cg01820374,3
cg01924292,7
cg02058108,1
cg02420617,3
cg02664109,7
cg02883147,4
cg02929855,7
cg03124318,3
cg03131366,1
cg03184588,3
cg03566513,4
cg03614132,7
cg03621504,7
cg03658236,7
cg03677924,3
cg03998264,7
cg04155231,4
cg04606861,0
cg04671742,3
cg04672622,4
cg04820362,3
cg05060607,7
cg05157098,3
cg05224770,3
cg05233670,7
cg05580141,7
cg05694021,1
cg05697976,7
cg05849676,7
cg05860956,2
cg06161550,4
cg06492796,3
cg06558435,2
cg06826457,3
cg07161061,2
cg07643696,7
cg07866725,2
cg08111661,3
cg08164151,4
cg08261450,3
cg08399444,7
cg08543028,7
cg08922308,6
cg08993878,1
cg09035930,2
cg09143195,1
cg09706122,5
cg09740450,2
cg09802818,7
cg09884851,1
cg10401088,3
cg10456459,7
cg10524576,1
cg10605084,4
cg10610428,3
cg10807894,3
cg10832076,1
cg11130630,1
cg11439695,3
cg11571124,4
cg11649376,1
cg11661914,1
cg11791577,1
cg11808531,6
cg11830800,4
cg11957400,6
cg12866960,7
cg12870014,4
cg12871652,4
cg12878812,0
cg13353550,7
cg13367219,4
cg13699009,2
cg14292522,1
cg14386126,3
cg14829814,1
cg14906510,2
cg15001406,3
cg15027294,2
cg15110296,3
cg15545247,7
cg15693299,3
cg15695155,4
cg15989810,1
cg16267202,6
cg16318311,3
cg16387046,4
cg16399745,3
cg16604658,1
cg16749629,4
cg16788865,7
cg17131837,3
cg17292337,6
cg17306339,3
cg17391672,7
cg17436656,1
cg17817168,1
cg18202741,3
cg18215449,3
cg18473521,0
cg18604939,4
cg18633600,0
cg18700744,3
cg19055828,7
cg19622623,3
cg19848940,1
cg19893439,2
cg20072118,5
cg20188212,2
cg20353489,2
cg20380214,6
cg20495738,3
cg21638533,7
cg21656937,3
cg21685770,7
cg21745586,7
cg21962791,1
cg22168489,6
cg22460123,4
cg22480875,6
cg22742001,7
cg23063825,2
cg23075597,2
cg23174406,4
cg23175533,1
cg23256579,1
cg23368715,3
cg23395688,3
cg23551979,6
cg24437859,3
cg24921858,3
cg25031476,1
cg25828445,2
cg25955126,1
cg26133399,4
cg26244013,3
cg26654770,6
cg26725076,1
cg26955132,4
cg26985711,3
cg26995224,4
cg26996569,3
cg27408285,5
cg27423216,2
cg27428551,7
cg27615582,1
cg27633287,4
cg00465247,1
cg00760872,5
cg00898013,6
cg02100381,3
cg02838877,1
cg02982610,7
cg03272499,0
cg03283486,1
cg03651054,2
cg03853945,3
cg05191839,3
cg05446322,0
cg05757365,6
cg05912299,6
cg06293108,5
cg06340704,3
cg06394460,7
cg06968164,3
cg07780517,2
cg07951201,1
cg08164233,3
cg08381620,4
cg08504583,4
cg08779649,2
cg09823859,6
cg10323433,1
cg10800346,7
cg11703212,7
cg12111714,0
cg12584960,6
cg12603632,1
cg14253596,4
cg14281591,7
cg15011899,5
cg16054985,6
cg16787483,6
cg17494199,1
cg17910899,2
cg18105134,6
cg18391323,6
cg18815647,0
cg18860329,4
cg19023589,7
cg19802138,5
cg20066226,2
cg20116138,2
cg20608895,1
cg20676788,3
cg20749792,3
cg20785336,7
cg20923605,2
cg20956594,7
cg21838488,2
cg21863546,3
cg22535089,7
cg22720431,1
cg22797297,4
cg23115487,3
cg23126342,1
cg23525360,0
cg23681440,1
cg24232444,5
cg24366314,0
cg24674215,1
cg25849642,6
cg26168643,6
cg26169783,3
cg26529044,7
cg26531286,3
cg26772116,2
cg27021512,3
cg27068143,3
cg00741624,0
cg00787180,2
cg00808648,5
cg01208318,2
cg01567771,1
cg01719405,3
cg02112168,7
cg02132667,4
cg02222791,1
cg02946885,3
cg03032497,0
cg03039990,1
cg03047995,0
cg04306507,4
cg04397884,7
cg04706229,3
cg04829830,1
cg04954225,4
cg05053979,1
cg05157625,2
cg05175318,0
cg05313263,6
cg05374809,4
cg05926722,5
cg06572093,6
cg06719445,7
cg06881965,1
cg07157030,2
cg07177395,2
cg07613153,3
cg08130912,5
cg08310116,7
cg09271279,3
cg09388160,2
cg09819656,4
cg10319640,3
cg10528989,3
cg10599444,5
cg12033216,3
cg13062455,7
cg13105904,2
cg13277939,7
cg13589463,7
cg14187687,7
cg14345154,7
cg14836018,3
cg15480367,0
cg15890469,4
cg16288101,1
cg16404157,0
cg16441068,7
cg18106366,4
cg18186343,1
cg18369034,1
cg18427465,1
cg18568335,7
cg18771300,6
cg18906360,3
cg19453093,1
cg19838043,1
cg20306574,2
cg20323874,3
cg21088438,7
cg21126506,3
cg21301148,3
cg21814550,7
cg21862081,3
cg21865751,0
cg22805381,3
cg23251746,4
cg23594345,4
cg23648239,7
cg23902114,6
cg23949782,6
cg24058132,3
cg25576997,7
cg25603108,7
cg26010412,1
cg26146732,4
cg26235748,1
cg26298914,7
cg26400750,4
cg26670674,6
cg27050153,0
cg27055313,2
cg27266824,3
cg00659931,3
cg01087254,7
cg01407062,3
cg01908954,0
cg02072495,3
cg02155558,2
cg02318784,0
cg02319972,4
cg02334775,3
cg02378208,3
cg02392882,1
cg02903680,1
cg02983424,0
cg03012280,4
cg03462380,0
cg03847675,4
cg04326808,1
cg04789403,1
cg04870120,7
cg04973925,3
cg05018460,4
cg05265081,7
cg05310486,7
cg05357347,4
cg05439368,3
cg05492904,7
cg05624577,4
cg05884870,5
cg06914505,7
cg07037635,7
cg07711309,6
cg07931844,3
cg08064292,6
cg08293324,4
cg09434667,3
cg10078511,4
cg10577241,2
cg10577534,1
cg11098259,7
cg11412248,3
cg11693709,1
cg12063992,7
cg12299554,5
cg12759523,4
cg13399903,4
cg13569101,4
cg15558558,1
cg16125725,7
cg16402415,7
cg16590643,6
cg17221584,4
cg17383853,3
cg17916960,4
cg18012556,4
cg18450625,4
cg18705301,4
cg18711535,4
cg19459332,6
cg19670290,3
cg19696491,4
cg19960114,1
cg20117256,4
cg20359888,3
cg20668887,2
cg20726664,3
cg21078654,5
cg21234506,3
cg21253742,3
cg21296230,0
cg21318213,0
cg21557108,2
cg21574244,7
cg21667061,4
cg21670987,1
cg22108374,0
cg22121570,4
cg22930275,1
cg23054181,7
cg23504246,4
cg25385940,5
cg25499543,4
cg26163234,0
cg26266708,5
cg26288595,6
cg26405020,5
cg26955540,3
cg27192248,1
cg27219955,3
cg27220062,3
cg27370471,2
cg00101154,1
cg00411413,4
cg00491523,3
cg00510320,4
cg00541638,3
cg00687714,3
cg00772863,4
cg00830621,3
cg00876127,3
cg01020263,3
cg01097406,2
cg01172150,5
cg01243823,3
cg01335126,3
cg01343363,4
cg01350330,3
cg01364935,3
cg01478482,1
cg01630032,4
cg01640660,1
cg01760434,4
cg01810329,1
cg02097429,3
cg02102075,7
cg02393727,6
cg02441474,0
cg02513379,3
cg02544257,3
cg02717454,5
cg02925594,1
cg02961798,4
cg03042477,1
cg03085549,3
cg03140788,0
cg03155159,3
cg03312587,6
cg03382370,6
cg03546687,5
cg03623568,4
cg03669394,1
cg03743982,1
cg03880033,4
cg03923285,4
cg03972466,5
cg04267828,3
cg04384112,6
cg04484415,4
cg04528038,5
cg04539111,2
cg04737885,6
cg04945379,3
cg05087459,3
cg05207637,1
cg05405914,3
cg05725404,4
cg05731801,2
cg05762671,3
cg05765011,1
cg05790002,4
cg05915866,1
cg06035708,3
cg06071476,3
cg06082883,3
cg06190046,1
cg06194960,3
cg06235438,3
cg06502279,7
cg06543221,1
cg06578063,0
cg06819923,1
cg07082267,1
cg07245476,4
cg07260541,3
cg07307142,4
cg07320140,1
cg07474797,5
cg07740599,6
cg07846061,3
cg08077617,4
cg08113187,5
cg08237521,3
cg08285646,1
cg08537367,5
cg08619515,1
cg08675364,2
cg08776660,3
cg08958747,3
cg09001440,1
cg09044981,4
cg09046979,1
cg09109520,2
cg09381666,4
cg09408143,6
cg09555736,4
cg09584188,3
cg09699830,4
cg09712682,2
cg09889350,1
cg09899215,1
cg10032599,4
cg10424974,3
cg10451425,4
cg10529845,3
cg16367168,1
cg16454902,4
cg16519923,3
cg16540789,1
cg16622061,1
cg16660091,1
cg22381196,7
cg22947000,1
cg25957124,5
cg26562691,3
cg26610739,4
cg26786800,4
cg26828017,7
cg27038676,3
cg27075654,2
cg27088726,4
cg27220660,3
cg27260684,7
cg27409771,3
cg27463141,4
cg27466129,4
cg27545630,3
cg00016255,1
cg00163199,3
cg00760203,5
cg00809820,2
cg00842918,7
cg00873351,1
cg00901687,4
cg00902417,4
cg00986825,2
cg01046511,7
cg01155092,7
cg01324550,1
cg01351315,5
cg01841050,3
cg01909364,3
cg02018291,3
cg02033582,1
cg02650512,3
cg02866639,2
cg03253303,3
cg03260240,0
cg03597174,2
cg04193015,1
cg04320476,2
cg04611801,5
cg05112555,6
cg05114606,4
cg05210615,3
cg05363382,3
cg05528899,4
cg05604874,7
cg05784862,3
cg05878104,2
cg06064179,7
cg06247837,1
cg06427816,2
cg06443034,2
cg06444025,6
cg06755596,2
cg06769994,3
cg06799664,4
cg06841902,4
cg06874016,3
cg07169660,1
cg07181702,3
cg07375836,7
cg07409471,7
cg07547765,2
cg07618085,4
cg07694864,0
cg08090640,3
cg08471713,2
cg09014329,0
cg09029085,4
cg10243855,3
cg10440639,4
cg10491080,4
cg10588962,5
cg11076954,2
cg11241278,4
cg11345693,4
cg11480278,4
cg12071008,3
cg12078154,4
cg12317815,3
cg12323063,7
cg12361262,7
cg12448933,0
cg12626882,1
cg12981595,1
cg13253847,5
cg13304638,7
cg13392258,6
cg13468144,7
cg13468767,4
cg13536447,7
cg13618516,7
cg13675837,1
cg13679714,6
cg13745832,1
cg13761998,5
cg14272075,7
cg14394837,3
cg14811011,4
cg14836839,4
cg14854355,6
cg14973055,1
cg15285436,7
cg15636887,3
cg15815084,4
cg15908709,1
cg16276850,5
cg16611352,5
cg16848873,4
cg17280106,6
cg17580614,1
cg17615115,4
cg17837191,7
cg18091083,6
cg18317439,5
cg18347010,5
cg18372208,4
cg18517055,7
cg18618815,1
cg18647570,1
cg18677148,6
cg19442493,1
cg19460836,7
cg19707448,2
cg19761273,1
cg19944656,2
cg20067719,1
cg20303331,3
cg20309891,3
cg20469139,5
cg20471691,4
cg20556951,3
cg20998539,3
cg21325715,3
cg21400851,2
cg21602160,3
cg21692159,3
cg22156456,1
cg22254135,1
cg22443212,4
cg22897522,4
cg23378546,3
cg23399011,3
cg23602058,0
cg23651872,4
cg24247482,3
cg24439686,5
cg24809269,3
cg25456020,4
cg25809905,1
cg25882366,5
cg25909396,3
cg25918821,3
cg26408224,4
cg26628907,1
cg26673195,3
cg26898567,3
cg27176264,4
cg27401724,1
cg27577424,4
cg00417323,3
cg00875989,0
cg00918181,5
cg01713272,5
cg03026004,3
cg05486872,7
cg05941575,2
cg06092953,6
cg06459104,1
cg07100532,4
cg07372824,1
cg07529654,1
cg07758738,5
cg12377874,4
cg12645852,7
cg13049483,7
cg13077366,2
cg14134497,0
cg14938561,3
cg15439862,5
cg19165390,0
cg19375418,2
cg20697926,2
cg21469505,3
cg22088248,6
cg22095604,0
cg23718736,1
cg23878906,1
cg24217948,1
cg24914483,7
cg25140190,7
cg25436157,3
cg26914205,3
cg26919186,4
cg00286125,0
cg00376816,2
cg01294327,2
cg01483656,2
cg01581222,5
cg01615818,2
cg01718139,7
cg02381279,5
cg02468728,4
cg02639359,3
cg02776658,4
cg03233940,6
cg03234186,0
cg03337035,3
cg03562414,0
cg03601372,6
cg03636183,4
cg03650189,6
cg03994651,6
cg04269551,0
cg04396998,4
cg04546041,0
cg04645914,0
cg04755674,1
cg05280698,6
cg05619598,1
cg05923226,0
cg06484123,5
cg06538345,3
cg06585566,5
cg06609049,2
cg06708133,3
cg06862049,4
cg07512814,3
cg07798605,1
cg07805604,5
cg07855456,2
cg07894352,0
cg07924081,0
cg08233235,3
cg08291996,6
cg08313406,3
cg08365609,3
cg08928145,0
cg08955995,0
cg09226262,5
cg09514545,4
cg09547119,0
cg09554406,6
cg09997082,1
cg10243322,6
cg10274022,5
cg10370574,2
cg10583119,3
cg10635122,0
cg10648815,4
cg10725861,2
cg10743390,0
cg11430371,4
cg11521325,3
cg11553667,4
cg11584690,5
cg12024906,0
cg12078229,0
cg12157673,0
cg12489353,2
cg13337047,0
cg13455326,3
cg13593090,2
cg13687570,0
cg14068721,4
cg14166009,0
cg14222245,6
cg14270989,3
cg14377791,3
cg15011409,6
cg15361750,1
cg15495372,1
cg15765251,6
cg15845821,3
cg16041412,7
cg16474696,2
cg16622403,4
cg17110586,0
cg17471102,1
cg17680611,3
cg18042043,3
cg18313094,4
cg18771553,4
cg18838701,2
cg19536401,4
cg19603903,2
cg19653594,4
cg19784428,1
cg20166049,1
cg20249566,1
cg21494776,0
cg21496419,2
cg21500909,7
cg21629821,1
cg21911021,0
cg22068629,5
cg22238209,4
cg22304262,3
cg22331349,0
cg22459517,6
cg22553301,3
cg22753548,0
cg22838050,2
cg23010048,0
cg23200218,3
cg23202167,7
cg23371413,2
cg23448505,0
cg23771661,4
cg23899409,2
cg24082526,3
cg24335895,6
cg24481841,3
cg24713204,5
cg24834889,0
cg24848615,1
cg24889914,0
cg25267487,4
cg25533247,1
cg25734089,3
cg25902939,5
cg26316885,2
cg26465391,0
cg26562263,2
cg26608718,1
cg26698460,0
cg26969888,1
cg27105123,4
cg27321942,3
cg27324426,0
cg27340480,7
cg27434368,5
cg27571374,2
cg00103778,3
cg00169354,6
cg00169792,6
cg00507855,4
cg00636737,1
cg00726046,4
cg00916899,5
cg01116137,5
cg01153946,3
cg01355392,2
cg01466133,4
cg01692482,3
cg01700462,5
cg02939078,2
cg03199926,4
cg03213289,4
cg03224418,1
cg03235661,4
cg03299990,4
cg03495011,1
cg03758021,3
cg03904042,6
cg03969725,3
cg04555665,3
cg04632997,3
cg04931539,1
cg05205351,3
cg06122230,7
cg06524264,2
cg06738786,3
cg07021288,4
cg07547549,0
cg07722360,1
cg07893801,3
cg08045932,4
cg08389814,2
cg08548498,1
cg09046309,7
cg09712306,4
cg10177030,3
cg11173131,5
cg11436113,3
cg11453079,3
cg11597277,7
cg11846968,7
cg12032027,3
cg12751644,2
cg13403462,2
cg14721981,6
cg14921437,2
cg15550113,2
cg16201146,3
cg16236143,4
cg16667508,4
cg16691087,1
cg16704590,3
cg16763089,6
cg17643025,4
cg17775490,5
cg18433380,2
cg18979491,3
cg19102955,1
cg20139447,2
cg20295248,2
cg22421148,4
cg22510412,4
cg22682811,0
cg22941573,7
cg23534245,3
cg24754336,4
cg25958766,6
cg02828687,3
cg03142697,4
cg03364381,4
cg05030553,4
cg05056497,3
cg05156137,3
cg05896524,2
cg07211972,7
cg07500325,2
cg08320524,4
cg09417038,4
cg12470092,3
cg12746557,2
cg14414154,7
cg14716686,4
cg15377887,4
cg15636421,4
cg18151030,1
cg18345924,1
cg19135247,6
cg19815989,6
cg19988492,6
cg20516845,3
cg21870229,5
cg24753998,4
cg00283524,3
cg01127300,3
cg01234420,1
cg01514353,3
cg01582066,3
cg01606027,7
cg01619929,6
cg01652190,2
cg02156296,5
cg03171478,5
cg03308092,6
cg03868770,2
cg04982781,3
cg05249836,7
cg06501716,3
cg07127410,1
cg07959070,4
cg11247378,2
cg11564601,4
cg12743638,6
cg13370427,3
cg14372705,1
cg15379633,5
cg16045423,4
cg17054759,2
cg18855195,7
cg19543968,1
cg19558972,6
cg19713460,5
cg19800640,0
cg19855470,0
cg21401457,4
cg21445911,2
cg24435209,6
cg26169700,4
