GSE,GSM,age,sex
GSE56033,GSM1350856,30,F
GSE56033,GSM1350857,30,F
GSE56033,GSM1350858,47,M
GSE56033,GSM1350859,46,F
GSE56033,GSM1350860,42,M
GSE56033,GSM1350861,27,F
GSE56033,GSM1350862,20,F
GSE56033,GSM1350863,49,F
GSE56033,GSM1350864,23,F
GSE56033,GSM1350865,36,M
GSE56033,GSM1350866,36,M
GSE56033,GSM1350867,23,F
GSE56033,GSM1350868,43,M
GSE56033,GSM1350869,40,M
GSE56033,GSM1350870,19,F
GSE56033,GSM1350871,23,F
GSE56033,GSM1350872,20,M
GSE56033,GSM1350873,20,M
GSE56033,GSM1350874,41,F
GSE56033,GSM1350875,43,M
GSE56033,GSM1350876,40,F
GSE56033,GSM1350877,46,F
GSE56033,GSM1350878,47,F
GSE56033,GSM1350879,47,F
GSE56033,GSM1350880,38,M
GSE56033,GSM1350881,44,M
GSE56033,GSM1350882,27,F
GSE56033,GSM1350883,46,M
GSE56033,GSM1350884,20,M
GSE56033,GSM1350885,20,M
GSE56033,GSM1350886,19,F
GSE56033,GSM1350887,25,F
GSE56033,GSM1350888,21,M
GSE56033,GSM1350889,44,M
GSE56033,GSM1350890,45,M
GSE56033,GSM1350891,50,M
GSE56033,GSM1350892,37,M
GSE56033,GSM1350893,36,M
GSE56033,GSM1350894,20,F
GSE56033,GSM1350895,44,M
GSE56033,GSM1350896,29,F
GSE56033,GSM1350897,46,M
GSE56033,GSM1350898,30,F
GSE56033,GSM1350899,48,M
GSE56033,GSM1350900,28,F
GSE56033,GSM1350901,40,F
GSE56033,GSM1350902,34,M
GSE56033,GSM1350903,34,F
GSE56033,GSM1350904,28,M
GSE56033,GSM1350905,46,M
GSE56033,GSM1350906,23,F
GSE56033,GSM1350907,25,F
GSE56033,GSM1350908,26,F
GSE56033,GSM1350909,51,M
GSE56033,GSM1350910,23,F
GSE56033,GSM1350911,24,F
GSE56033,GSM1350912,50,F
GSE56033,GSM1350913,38,F
GSE56033,GSM1350914,44,F
GSE56033,GSM1350915,22,F
GSE56033,GSM1350916,42,M
GSE56033,GSM1350917,27,F
GSE56033,GSM1350918,28,F
GSE56033,GSM1350919,41,F
GSE56033,GSM1350920,46,M
GSE56033,GSM1350921,32,F
GSE56033,GSM1350922,32,F
GSE56033,GSM1350923,26,M
GSE56033,GSM1350924,49,M
GSE56033,GSM1350925,19,F
GSE56033,GSM1350926,30,F
GSE56033,GSM1350927,42,F
GSE56033,GSM1350928,26,F
GSE56033,GSM1350929,23,F
GSE56033,GSM1350930,42,M
GSE56033,GSM1350931,47,M
GSE56033,GSM1350932,23,F
GSE56033,GSM1350933,24,F
GSE56033,GSM1350934,28,F
GSE56033,GSM1350935,45,F
GSE56033,GSM1350936,48,F
GSE56033,GSM1350937,24,M
GSE56033,GSM1350938,47,M
GSE56033,GSM1350939,20,F
GSE56033,GSM1350940,20,F
GSE56033,GSM1350941,24,F
GSE56033,GSM1350942,51,F
GSE56033,GSM1350943,25,F
GSE56033,GSM1350944,19,F
GSE56033,GSM1350945,21,F
GSE56033,GSM1350946,44,M
GSE56033,GSM1350947,50,M
GSE56033,GSM1350948,19,F
GSE56033,GSM1350949,27,M
GSE56033,GSM1350950,27,M
GSE56033,GSM1350951,27,M
GSE56033,GSM1350952,35,M
GSE56033,GSM1350953,35,M
GSE56033,GSM1350954,29,F
GSE56033,GSM1350955,20,M
GSE56033,GSM1350956,19,M
GSE56033,GSM1350957,18,M
GSE56033,GSM1350958,41,F
GSE56033,GSM1350959,49,F
GSE56033,GSM1350960,49,F
GSE56033,GSM1350961,49,F
GSE56033,GSM1350962,49,F
GSE56033,GSM1350963,41,M
GSE56033,GSM1350964,20,M
GSE56033,GSM1350965,30,F
GSE56033,GSM1350966,20,F
GSE56033,GSM1350967,20,F
GSE56033,GSM1350968,21,F
GSE56033,GSM1350969,19,M
GSE56033,GSM1350970,24,F
GSE56033,GSM1350971,19,M
GSE56033,GSM1350972,19,F
GSE56033,GSM1350973,28,M
GSE56033,GSM1350974,21,F
GSE56033,GSM1350975,23,F
GSE56033,GSM1350976,19,F
GSE56033,GSM1350977,20,M
GSE56033,GSM1350978,19,F
GSE56033,GSM1350979,19,M
GSE56033,GSM1350980,19,F
GSE56033,GSM1350981,19,M
GSE56033,GSM1350982,23,M
GSE56033,GSM1350983,19,F
GSE56033,GSM1350984,19,F
GSE56033,GSM1350985,19,F
GSE56033,GSM1350986,28,M
GSE56033,GSM1350987,27,F
GSE56033,GSM1350988,25,M
GSE56033,GSM1350989,19,M
GSE56033,GSM1350990,26,M
GSE56033,GSM1350991,24,F
GSE56033,GSM1350992,24,F
GSE56033,GSM1350993,18,F
GSE56033,GSM1350994,19,F
GSE56033,GSM1350995,26,F
GSE56033,GSM1350996,23,F
GSE56033,GSM1350997,25,F
GSE56033,GSM1350998,19,M
GSE56033,GSM1350999,18,M
GSE56033,GSM1351000,20,M
GSE56033,GSM1351001,21,M
GSE56033,GSM1351002,25,F
GSE56033,GSM1351003,19,M
GSE56033,GSM1351004,28,M
GSE56033,GSM1351005,21,M
GSE56033,GSM1351006,19,M
GSE56033,GSM1351007,32,F
GSE56033,GSM1351008,32,F
GSE56033,GSM1351009,32,F
GSE56033,GSM1351010,21,M
GSE56033,GSM1351011,20,F
GSE56033,GSM1351012,20,F
GSE56033,GSM1351013,19,F
GSE56033,GSM1351014,23,F
GSE56033,GSM1351015,43,M
GSE56033,GSM1351016,18,F
GSE56033,GSM1351017,24,M
GSE56033,GSM1351018,24,M
GSE56033,GSM1351019,23,F
GSE56033,GSM1351020,23,M
GSE56033,GSM1351021,19,M
GSE56033,GSM1351022,20,M
GSE56033,GSM1351023,30,M
GSE56033,GSM1351024,28,F
GSE56033,GSM1351025,20,F
GSE56033,GSM1351026,20,F
GSE56033,GSM1351027,27,F
GSE56033,GSM1351028,19,M
GSE56033,GSM1351029,50,M
GSE56033,GSM1351030,24,F
GSE56033,GSM1351031,22,F
GSE56033,GSM1351032,29,F
GSE56033,GSM1351033,49,M
GSE56033,GSM1351034,36,M
GSE56033,GSM1351035,50,M
GSE56033,GSM1351036,31,F
GSE56033,GSM1351037,25,F
GSE56033,GSM1351038,21,F
GSE56033,GSM1351039,51,M
GSE56033,GSM1351040,23,F
GSE56033,GSM1351041,23,M
GSE56033,GSM1351042,22,F
GSE56033,GSM1351043,24,M
GSE56033,GSM1351044,21,M
GSE56033,GSM1351045,23,F
GSE56033,GSM1351046,21,M
GSE56033,GSM1351047,25,F
GSE56033,GSM1351048,29,F
GSE56033,GSM1351049,49,M
GSE56033,GSM1351050,21,F
GSE56033,GSM1351051,47,M
GSE56033,GSM1351052,46,M
GSE56033,GSM1351053,25,F
GSE56033,GSM1351054,29,M
GSE56033,GSM1351055,21,F
GSE56033,GSM1351056,19,M
GSE56033,GSM1351057,25,F
GSE56033,GSM1351058,23,F
GSE56033,GSM1351059,19,F
GSE56033,GSM1351060,24,F
GSE56033,GSM1351061,24,M
GSE56033,GSM1351062,20,F
GSE56033,GSM1351063,20,F
GSE56033,GSM1351064,30,M
GSE56033,GSM1351065,27,F
GSE56033,GSM1351066,20,F
GSE56033,GSM1351067,23,M
GSE56033,GSM1351068,25,F
GSE56033,GSM1351069,25,F
GSE56033,GSM1351070,46,F
GSE56033,GSM1351071,24,F
GSE56033,GSM1351072,30,M
GSE56033,GSM1351073,36,M
GSE56033,GSM1351074,25,F
GSE56033,GSM1351075,29,F
GSE56033,GSM1351076,32,M
GSE56033,GSM1351077,20,F
GSE56033,GSM1351078,19,M
GSE56033,GSM1351079,19,M
GSE56033,GSM1351080,22,F
GSE56033,GSM1351081,23,F
GSE56033,GSM1351082,23,F
GSE56033,GSM1351083,24,F
GSE56033,GSM1351084,45,M
GSE56033,GSM1351085,22,F
GSE56033,GSM1351086,20,F
GSE56033,GSM1351087,25,F
GSE56033,GSM1351088,37,M
GSE56033,GSM1351089,20,F
GSE56033,GSM1351090,30,F
GSE56033,GSM1351091,23,F
GSE56033,GSM1351092,20,M
GSE56033,GSM1351093,24,M
GSE56033,GSM1351094,20,F
GSE56033,GSM1351095,23,F
GSE56033,GSM1351096,22,F
GSE56033,GSM1351097,23,M
GSE56033,GSM1351098,24,M
GSE56033,GSM1351099,26,M
GSE56033,GSM1351100,26,M
GSE56033,GSM1351101,25,F
GSE56033,GSM1351102,50,M
GSE56033,GSM1351103,28,F
GSE56033,GSM1351104,23,F
GSE56033,GSM1351105,23,F
GSE56033,GSM1351106,33,M
GSE56033,GSM1351107,27,M
GSE56033,GSM1351108,47,M
GSE56033,GSM1351109,23,F
GSE56033,GSM1351110,21,M
GSE56033,GSM1351111,22,F
GSE56033,GSM1351112,34,F
GSE56033,GSM1351113,23,F
GSE56033,GSM1351114,25,F
GSE56033,GSM1351115,25,F
GSE56033,GSM1351116,38,M
GSE56033,GSM1351117,22,F
GSE56033,GSM1351118,22,F
GSE56033,GSM1351119,38,F
GSE56033,GSM1351120,22,M
GSE56033,GSM1351121,19,F
GSE56033,GSM1351122,28,M
GSE56033,GSM1351123,28,F
GSE56033,GSM1351124,22,F
GSE56033,GSM1351125,22,F
GSE56033,GSM1351126,30,F
GSE56033,GSM1351127,30,F
GSE56033,GSM1351128,27,M
GSE56033,GSM1351129,50,F
GSE56033,GSM1351130,19,F
GSE56033,GSM1351131,28,F
GSE56033,GSM1351132,28,F
GSE56033,GSM1351133,32,F
GSE56033,GSM1351134,25,F
GSE56033,GSM1351135,25,F
GSE56033,GSM1351136,19,M
GSE56033,GSM1351137,24,M
GSE56033,GSM1351138,24,F
GSE56033,GSM1351139,31,F
GSE56033,GSM1351140,31,F
GSE56033,GSM1351141,56,F
GSE56033,GSM1351142,50,M
GSE56033,GSM1351143,35,F
GSE56033,GSM1351144,20,M
GSE56033,GSM1351145,22,F
GSE56033,GSM1351146,22,M
GSE56033,GSM1351147,24,F
GSE56033,GSM1351148,48,F
GSE56033,GSM1351149,9,M
GSE56033,GSM1351150,30,F
GSE56033,GSM1351151,21,F
GSE56033,GSM1351152,24,M
GSE56033,GSM1351153,20,F
GSE56033,GSM1351154,21,F
GSE56033,GSM1351155,26,F
GSE56033,GSM1351156,26,F
GSE56033,GSM1351157,45,F
GSE56033,GSM1351158,28,F
GSE56033,GSM1351159,39,M
GSE56033,GSM1351160,21,F
GSE56033,GSM1351161,22,F
GSE56033,GSM1351162,21,M
GSE56033,GSM1351163,24,F
GSE56033,GSM1351164,26,M
GSE56033,GSM1351165,27,M
GSE56033,GSM1351166,47,M
GSE56033,GSM1351167,24,M
GSE56033,GSM1351168,39,M
GSE56033,GSM1351169,28,F
GSE56033,GSM1351170,39,F
GSE56033,GSM1351171,28,F
GSE56033,GSM1351172,28,F
GSE56033,GSM1351173,26,M
GSE56033,GSM1351174,28,F
GSE56033,GSM1351175,23,M
GSE56033,GSM1351176,53,M
GSE56033,GSM1351177,48,F
GSE56033,GSM1351178,38,F
GSE56033,GSM1351179,35,M
GSE56033,GSM1351180,37,F
GSE56033,GSM1351181,51,F
GSE56033,GSM1351182,51,F
GSE56033,GSM1351183,40,M
GSE56033,GSM1351184,40,M
GSE56033,GSM1351185,44,F
GSE56033,GSM1351186,53,F
GSE56033,GSM1351187,54,F
GSE56033,GSM1351188,54,F
GSE56033,GSM1351189,25,M
GSE56033,GSM1351190,54,M
GSE56033,GSM1351191,50,M
GSE56033,GSM1351192,20,M
GSE56033,GSM1351193,31,F
GSE56033,GSM1351194,32,F
GSE56033,GSM1351195,22,F
GSE56033,GSM1351196,39,F
GSE56033,GSM1351197,27,F
GSE56033,GSM1351198,27,F
GSE56033,GSM1351199,21,M
GSE56033,GSM1351200,21,F
GSE56033,GSM1351201,30,F
GSE56033,GSM1351202,42,M
GSE56033,GSM1351203,26,F
GSE56033,GSM1351204,42,M
GSE56033,GSM1351205,42,M
GSE56033,GSM1351206,26,F
GSE56033,GSM1351207,28,F
GSE56033,GSM1351208,26,F
GSE56033,GSM1351209,27,F
GSE56033,GSM1351210,26,F
GSE56033,GSM1351211,25,F
GSE56033,GSM1351212,36,F
GSE56033,GSM1351213,33,F
GSE56033,GSM1351214,28,M
GSE56033,GSM1351215,32,M
GSE56033,GSM1351216,24,M
GSE56033,GSM1351217,51,M
GSE56033,GSM1351218,26,M
GSE56033,GSM1351219,36,F
GSE56033,GSM1351220,30,F
GSE56033,GSM1351221,29,F
GSE56033,GSM1351222,27,F
GSE56033,GSM1351223,27,F
GSE56033,GSM1351224,29,F
GSE56033,GSM1351225,29,F
GSE56033,GSM1351226,29,M
GSE56033,GSM1351227,46,M
GSE56033,GSM1351228,19,F
GSE56033,GSM1351229,21,F
GSE56033,GSM1351230,23,F
GSE56033,GSM1351231,20,F
GSE56033,GSM1351232,32,M
GSE56033,GSM1351233,29,F
GSE56033,GSM1351234,49,M
GSE56033,GSM1351235,33,M
GSE56033,GSM1351236,45,F
GSE56033,GSM1351237,47,M
GSE56033,GSM1351238,32,F
GSE56033,GSM1351239,25,F
GSE56033,GSM1351240,34,M
GSE56033,GSM1351241,25,F
GSE56033,GSM1351242,49,M
GSE56033,GSM1351243,38,M
GSE56033,GSM1351244,49,F
GSE56033,GSM1351245,19,F
GSE56033,GSM1351246,34,M
GSE56033,GSM1351247,48,M
GSE56033,GSM1351248,22,M
GSE56033,GSM1351249,31,F
GSE56033,GSM1351250,30,F
GSE56033,GSM1351251,26,F
GSE56033,GSM1351252,30,M
GSE56033,GSM1351253,25,F
GSE56033,GSM1351254,52,F
GSE56033,GSM1351255,35,F
GSE56033,GSM1351256,30,M
GSE56033,GSM1351257,30,M
GSE56033,GSM1351258,29,F
GSE56033,GSM1351259,27,F
GSE56033,GSM1351260,25,F
GSE56033,GSM1351261,48,M
GSE56033,GSM1351262,24,F
GSE56033,GSM1351263,34,F
GSE56033,GSM1351264,33,M
GSE56033,GSM1351265,28,F
GSE56033,GSM1351266,51,M
GSE56033,GSM1351267,37,M
GSE56033,GSM1351268,51,M
GSE56033,GSM1351269,34,F
GSE56033,GSM1351270,23,M
GSE56033,GSM1351271,47,M
GSE56033,GSM1351272,34,M
GSE56033,GSM1351273,34,F
GSE56033,GSM1351274,30,F
GSE56033,GSM1351275,32,M
GSE56033,GSM1351276,46,F
GSE56033,GSM1351277,29,M
GSE56033,GSM1351278,29,F
GSE56033,GSM1351279,28,F
GSE56033,GSM1351280,41,M
GSE56033,GSM1351281,50,M
GSE56033,GSM1351282,32,F
GSE56033,GSM1351283,21,M
GSE56033,GSM1351284,26,F
GSE56033,GSM1351285,25,M
GSE56033,GSM1351286,47,M
GSE56033,GSM1351287,21,F
GSE56033,GSM1351288,20,F
GSE56033,GSM1351289,21,F
GSE56033,GSM1351290,28,M
GSE56033,GSM1351291,28,F
GSE56033,GSM1351292,44,F
GSE56033,GSM1351293,32,M
GSE56033,GSM1351294,42,F
GSE56033,GSM1351295,24,M
GSE56033,GSM1351296,23,F
GSE56033,GSM1351297,20,M
GSE56033,GSM1351298,20,M
GSE56033,GSM1351299,21,F
GSE56033,GSM1351300,32,F
GSE56033,GSM1351301,18,M
GSE56033,GSM1351302,19,F
GSE56033,GSM1351303,42,M
GSE56033,GSM1351304,40,F
GSE56033,GSM1351305,21,F
GSE56033,GSM1351306,33,F
GSE56033,GSM1351307,46,F
GSE56033,GSM1351308,46,F
GSE56033,GSM1355819,38,M
GSE56033,GSM1355820,42,M
GSE56033,GSM1355821,24,M
GSE56033,GSM1355822,24,M
GSE56033,GSM1355823,33,F
GSE56033,GSM1355824,51,M
GSE56033,GSM1355825,26,F
GSE56033,GSM1355826,21,F
GSE56033,GSM1355827,21,F
GSE56033,GSM1355828,21,F
GSE56033,GSM1355829,32,M
GSE56033,GSM1355830,30,F
GSE56033,GSM1355831,21,M
GSE56033,GSM1355832,26,F
GSE56033,GSM1355833,25,F
GSE56033,GSM1355834,20,F
GSE56033,GSM1355835,50,F
GSE56033,GSM1355836,20,F
GSE56033,GSM1355837,22,F
GSE56033,GSM1355838,29,F
GSE56033,GSM1355839,30,M
GSE56033,GSM1355840,30,M
GSE56033,GSM1355841,31,F
GSE56033,GSM1355842,37,M
GSE56033,GSM1355843,21,F
GSE56033,GSM1355844,26,F
GSE56033,GSM1355845,30,F
GSE56033,GSM1355846,42,M
GSE56033,GSM1355847,19,M
GSE56033,GSM1355848,24,F
GSE56033,GSM1355849,23,F
GSE56033,GSM1355850,28,F
GSE56033,GSM1355851,19,M
GSE56033,GSM1355852,38,M
GSE56033,GSM1355853,20,F
GSE56033,GSM1355854,36,F
GSE56033,GSM1355855,35,M
GSE56033,GSM1355856,41,M
GSE56033,GSM1355857,41,M
GSE56033,GSM1355858,21,M
GSE56033,GSM1355859,21,M
GSE56033,GSM1355860,34,M
GSE56033,GSM1355861,27,F
GSE56033,GSM1355862,22,F
GSE56033,GSM1355863,28,M
GSE56033,GSM1355864,24,F
GSE30483,GSM755408,45,M
GSE30483,GSM755409,55,F
GSE30483,GSM755410,54,M
GSE30483,GSM755411,52,M
GSE30483,GSM755412,58,M
GSE30483,GSM755413,18,M
GSE30483,GSM755414,30,M
GSE30483,GSM755415,48,M
GSE30483,GSM755416,27,M
GSE30483,GSM755417,26,M
GSE30483,GSM755418,28,M
GSE30483,GSM755419,39,M
GSE30483,GSM755420,50,F
GSE30483,GSM755421,44,M
GSE30483,GSM755422,49,F
GSE30483,GSM755423,36,M
GSE30483,GSM755424,44,M
GSE30483,GSM755425,45,M
GSE30483,GSM755426,43,M
GSE30483,GSM755427,23,M
GSE30483,GSM755428,28,M
GSE30483,GSM755429,52,M
GSE30483,GSM755430,39,M
GSE30483,GSM755431,49,M
GSE30483,GSM755432,46,F
GSE30483,GSM755433,24,M
GSE30483,GSM755434,67,M
GSE30483,GSM755435,32,M
GSE30483,GSM755436,40,M
GSE30483,GSM755437,37,M
GSE30483,GSM755438,27,M
GSE30483,GSM755439,52,M
GSE30483,GSM755440,38,M
GSE30483,GSM755441,42,M
GSE30483,GSM755442,44,M
GSE30483,GSM755443,20,M
GSE30483,GSM755444,66,M
GSE30483,GSM755445,44,M
GSE30483,GSM755446,33,F
GSE30483,GSM755447,32,F
GSE30483,GSM755448,34,F
GSE30483,GSM755449,46,F
GSE30483,GSM755450,23,F
GSE30483,GSM755451,39,F
GSE30483,GSM755452,46,M
GSE30483,GSM755453,22,M
GSE30483,GSM755454,29,M
GSE30483,GSM755455,55,F
GSE30483,GSM755456,25,F
GSE30483,GSM755457,53,F
GSE30483,GSM755458,27,M
GSE30483,GSM755459,44,F
GSE30483,GSM755460,40,F
GSE30483,GSM755461,50,F
GSE30483,GSM755462,21,M
GSE30483,GSM755463,40,M
GSE30483,GSM755464,41,F
GSE30483,GSM755465,24,M
GSE30483,GSM755466,25,F
GSE30483,GSM755467,22,M
GSE30483,GSM755468,59,F
GSE30483,GSM755469,60,M
GSE30483,GSM755470,25,M
GSE30483,GSM755471,27,M
GSE30483,GSM755472,59,F
GSE30483,GSM755473,21,M
GSE30483,GSM755474,22,F
GSE30483,GSM755475,19,F
GSE30483,GSM755476,46,F
GSE30483,GSM755477,29,M
GSE30483,GSM755478,53,F
GSE30483,GSM755479,65,M
GSE30483,GSM755480,27,M
GSE30483,GSM755481,46,F
GSE30483,GSM755482,25,F
GSE30483,GSM755483,42,M
GSE30483,GSM755484,29,F
GSE30483,GSM755485,46,F
GSE30483,GSM755486,48,M
GSE30483,GSM755487,43,M
GSE68759,GSM1680592,64,M
GSE68759,GSM1680593,63,F
GSE68759,GSM1680594,62,F
GSE68759,GSM1680595,52,F
GSE68759,GSM1680596,45,F
GSE68759,GSM1680597,48,M
GSE68759,GSM1680598,58,F
GSE68759,GSM1680599,64,M
GSE68759,GSM1680600,64,F
GSE68759,GSM1680601,44,M
GSE68759,GSM1680602,58,F
GSE68759,GSM1680603,56,F
GSE68759,GSM1680604,37,F
GSE68759,GSM1680605,53,M
GSE68759,GSM1680606,43,F
GSE68759,GSM1680607,33,M
GSE68759,GSM1680608,59,F
GSE68759,GSM1680609,53,F
GSE68759,GSM1680610,61,F
GSE68759,GSM1680611,61,F
GSE68759,GSM1680612,63,F
GSE68759,GSM1680613,43,F
GSE68759,GSM1680614,60,M
GSE68759,GSM1680615,64,M
GSE68759,GSM1680616,49,M
GSE68759,GSM1680617,65,F
GSE68759,GSM1680618,47,F
GSE68759,GSM1680619,58,F
GSE68759,GSM1680620,41,F
GSE68759,GSM1680621,60,F
GSE68759,GSM1680622,57,M
GSE68759,GSM1680623,54,M
GSE68759,GSM1680624,58,M
GSE68759,GSM1680625,57,F
GSE68759,GSM1680626,45,F
GSE68759,GSM1680627,52,F
GSE68759,GSM1680628,56,F
GSE68759,GSM1680629,61,F
GSE68759,GSM1680630,56,F
GSE68759,GSM1680631,41,M
GSE68759,GSM1680632,53,F
GSE68759,GSM1680633,54,F
GSE68759,GSM1680634,64,F
GSE68759,GSM1680635,48,F
GSE68759,GSM1680636,55,F
GSE68759,GSM1680637,62,M
GSE68759,GSM1680638,59,M
GSE68759,GSM1680639,57,F
GSE68759,GSM1680640,54,F
GSE68759,GSM1680641,60,M
GSE68759,GSM1680642,39,F
GSE68759,GSM1680643,58,F
GSE68759,GSM1680644,65,M
GSE68759,GSM1680645,50,F
GSE68759,GSM1680646,62,F
GSE68759,GSM1680647,48,M
GSE68759,GSM1680648,59,M
GSE68759,GSM1680649,64,F
GSE68759,GSM1680650,48,M
GSE68759,GSM1680651,50,F
GSE68759,GSM1680652,62,F
GSE68759,GSM1680653,65,F
GSE68759,GSM1680654,60,F
GSE68759,GSM1680655,55,F
GSE68759,GSM1680656,31,F
GSE68759,GSM1680657,41,F
GSE68759,GSM1680742,61,F
GSE68759,GSM1680743,61,F
GSE68759,GSM1680744,63,F
GSE68759,GSM1680745,43,F
GSE68759,GSM1680746,60,M
GSE68759,GSM1680747,64,M
GSE68759,GSM1680748,49,M
GSE68759,GSM1680749,65,F
GSE68759,GSM1680750,47,F
GSE68759,GSM1680751,58,F
GSE68759,GSM1680752,41,F
GSE68759,GSM1680753,60,F
GSE68759,GSM1680754,57,M
GSE68759,GSM1680755,54,M
GSE68759,GSM1680756,58,M
GSE68759,GSM1680757,57,F
GSE68759,GSM1680758,45,F
GSE68759,GSM1680759,52,F
GSE68759,GSM1680760,56,F
GSE68759,GSM1680761,61,F
GSE68759,GSM1680762,56,F
GSE68759,GSM1680763,41,M
GSE68759,GSM1680764,53,F
GSE68759,GSM1680765,54,F
GSE68759,GSM1680766,64,F
GSE68759,GSM1680767,48,F
GSE68759,GSM1680768,55,F
GSE68759,GSM1680769,62,M
GSE68759,GSM1680770,59,M
GSE68759,GSM1680771,57,F
GSE68759,GSM1680772,54,F
GSE68759,GSM1680773,60,M
GSE68759,GSM1680774,39,F
GSE68759,GSM1680775,58,F
GSE68759,GSM1680776,65,M
GSE68759,GSM1680777,50,F
GSE68759,GSM1680778,62,F
GSE68759,GSM1680779,48,M
GSE68759,GSM1680780,59,M
GSE68759,GSM1680781,64,F
GSE68759,GSM1680782,48,M
GSE68759,GSM1680783,62,F
GSE68759,GSM1680784,65,F
GSE68759,GSM1680785,50,F
GSE68759,GSM1680786,60,F
GSE68759,GSM1680787,55,F
GSE68759,GSM1680788,31,F
GSE68759,GSM1680789,41,F
GSE75511,GSM1958168,70,F
GSE75511,GSM1958169,30,F
GSE75511,GSM1958170,26,M
GSE75511,GSM1958171,30,F
GSE75511,GSM1958172,44,M
GSE75511,GSM1958173,27,M
GSE75511,GSM1958174,27,F
GSE75511,GSM1958175,26,F
GSE75511,GSM1958176,34,F
GSE75511,GSM1958177,24,M
GSE75511,GSM1958178,35,F
GSE75511,GSM1958180,26,M
GSE75511,GSM1958181,28,F
GSE75511,GSM1958182,29,F
GSE75511,GSM1958183,28,F
GSE75511,GSM1958184,29,F
GSE75511,GSM1958185,32,F
GSE75511,GSM1958186,30,F
GSE75511,GSM1958187,20,F
GSE75511,GSM1958188,22,F
GSE75511,GSM1958189,23,F
GSE75511,GSM1958190,27,F
GSE75511,GSM1958191,20,F
GSE75511,GSM1958192,23,F
GSE75511,GSM1958193,19,F
GSE75511,GSM1958194,19,M
GSE75511,GSM1958195,26,F
GSE75511,GSM1958196,38,M
GSE75511,GSM1958197,48,M
GSE75511,GSM1958198,62,F
GSE75511,GSM1958199,27,M
GSE75511,GSM1958200,27,F
GSE75511,GSM1958201,29,F
GSE75511,GSM1958202,22,M
GSE75511,GSM1958203,59,F
GSE75511,GSM1958204,27,M
GSE75511,GSM1958205,43,F
GSE75511,GSM1958206,56,F
GSE75511,GSM1958207,45,F
GSE75511,GSM1958208,22,M
GSE75511,GSM1958209,20,M
GSE75511,GSM1958210,51,M
GSE75511,GSM1958211,60,F
GSE75511,GSM1958212,46,F
GSE75511,GSM1958213,42,M
GSE75511,GSM1958214,22,F
GSE75511,GSM1958215,22,F
GSE75511,GSM1958216,33,F
GSE75511,GSM1958217,29,F
GSE75511,GSM1958218,19,M
GSE75511,GSM1958219,44,F
GSE75511,GSM1958220,60,M
GSE75511,GSM1958221,50,F
GSE75511,GSM1958222,29,M
GSE75511,GSM1958223,47,M
GSE75511,GSM1958224,57,F
GSE75511,GSM1958225,27,F
GSE75511,GSM1958226,63,F
GSE75511,GSM1958227,50,M
GSE75511,GSM1958228,46,M
GSE75511,GSM1958229,22,F
GSE75511,GSM1958230,21,M
GSE75511,GSM1958231,57,M
GSE75511,GSM1958232,28,F
GSE75511,GSM1958233,25,F
GSE75511,GSM1958234,20,F
GSE75511,GSM1958235,30,F
GSE75511,GSM1958236,19,M
GSE75511,GSM1958237,51,M
GSE75511,GSM1958238,33,M
GSE75511,GSM1958239,51,M
GSE75511,GSM1958240,49,F
GSE75511,GSM1958241,23,M
GSE75511,GSM1958242,37,F
GSE75511,GSM1958243,21,M
GSE75511,GSM1958244,24,F
GSE75511,GSM1958245,18,F
GSE75511,GSM1958246,52,F
GSE75511,GSM1958247,56,M
GSE75511,GSM1958248,36,F
GSE75511,GSM1958249,29,F
GSE75511,GSM1958250,59,F
